area_sqft,bedrooms,bathrooms,age_years,distance_to_city_km,garage_spaces,has_garden,crime_index,school_rating,neighborhood,price
2123.0,3,3,55,2.79,0,1,43.8,9,Downtown,355784.0
1710.0,3,3,9,2.39,0,0,45.7,5,Downtown,324180.0
2221.0,3,3,32,0.21,2,0,71.7,8,Downtown,367405.0
2790.0,4,3,56,2.69,1,0,44.8,5,Suburb,326200.0
1648.0,5,2,39,6.46,1,0,62.0,6,Downtown,248101.0
1648.0,5,3,53,0.2,2,1,56.9,8,Suburb,240678.0
2826.0,2,1,15,2.66,1,0,30.7,2,Downtown,486131.0
2299.0,5,2,44,17.06,2,0,56.0,3,Downtown,333690.0
1495.0,5,2,34,7.2,2,0,19.2,9,Rural,135777.0
2153.0,3,3,2,7.49,2,1,58.0,5,Suburb,275138.0
1499.0,3,2,55,4.13,0,0,67.8,5,Rural,94844.0
1497.0,2,3,4,9.03,0,1,72.4,9,Suburb,176181.0
1957.0,1,1,25,1.69,0,0,30.9,10,Rural,168504.0
556.0,2,3,10,13.66,2,0,39.3,3,Suburb,72773.0
679.0,2,2,6,0.99,0,0,55.7,4,Rural,73765.0
1435.0,4,1,52,8.54,0,0,40.5,7,Downtown,177268.0
1142.0,4,3,55,3.34,0,1,11.4,2,Suburb,132656.0
2004.0,2,1,9,11.01,2,0,39.2,8,Suburb,256960.0
1210.0,2,1,41,6.38,2,0,55.6,5,Suburb,101334.0
882.0,2,2,51,4.82,2,1,71.4,1,Rural,47721.0
2753.0,5,1,33,1.49,0,1,83.8,3,Rural,233074.0
1653.0,4,2,2,8.1,1,1,52.5,9,Suburb,238207.0
1844.0,2,1,7,29.44,0,0,61.3,5,Suburb,163045.0
874.0,3,3,30,13.97,0,0,69.2,8,Suburb,93484.0
1446.0,3,1,10,0.5,2,1,9.0,1,Rural,145599.0
1872.0,5,3,44,3.78,2,1,29.6,7,Suburb,238624.0
1052.0,5,3,6,20.78,0,1,52.1,7,Downtown,204742.0
2044.0,1,1,44,5.59,0,0,81.1,8,Suburb,176057.0
1410.0,1,3,1,8.68,1,1,62.6,3,Downtown,201665.0
1610.0,1,1,5,19.5,1,1,56.6,1,Suburb,157487.0
1409.0,5,1,40,16.56,2,0,45.4,9,Suburb,170522.0
3004.0,5,3,31,5.57,1,1,58.5,1,Suburb,350100.0
1791.0,5,3,19,4.6,1,1,38.1,6,Suburb,265531.0
1112.0,3,2,56,3.32,2,0,34.4,9,Downtown,194651.0
2335.0,5,3,33,10.16,1,0,36.1,2,Downtown,387727.0
1006.0,3,2,49,2.71,0,1,76.8,4,Suburb,88582.0
1936.0,1,3,15,2.3,1,0,33.2,2,Downtown,292392.0
526.0,1,1,24,3.52,2,0,42.0,4,Suburb,70444.0
937.0,1,3,11,1.56,0,0,59.4,2,Rural,82244.0
1928.0,2,1,6,9.5,1,0,32.4,1,Rural,153186.0
2280.0,2,1,38,7.66,0,1,54.5,3,Rural,176969.0
1911.0,4,1,16,5.28,0,0,54.5,8,Rural,185932.0
1725.0,4,2,44,3.96,1,0,37.5,5,Suburb,207345.0
1604.0,4,3,10,19.18,1,1,44.8,4,Downtown,304791.0
839.0,2,1,5,0.24,2,0,31.1,5,Downtown,145165.0
1332.0,2,1,22,11.73,2,0,77.7,6,Rural,76759.0
1501.0,4,2,26,18.57,0,1,55.2,6,Suburb,136233.0
2487.0,4,3,45,4.73,2,0,29.0,5,Downtown,424348.0
2023.0,5,3,5,6.4,0,0,52.5,6,Suburb,287346.0
654.0,4,2,37,23.13,0,1,53.4,9,Suburb,70859.0
2011.0,5,2,1,1.91,2,1,5.1,5,Suburb,319097.0
1550.0,3,3,21,5.87,2,1,76.8,6,Rural,152474.0
1360.0,2,2,19,5.15,2,1,30.2,4,Suburb,176803.0
2198.0,4,3,24,2.39,1,1,91.8,3,Rural,204192.0
2470.0,2,3,14,13.66,0,1,65.9,6,Suburb,305400.0
2405.0,2,1,59,18.39,0,1,27.5,5,Suburb,226511.0
1255.0,2,1,48,12.18,0,0,43.7,4,Rural,71313.0
1599.0,3,3,28,1.74,2,0,68.5,5,Rural,144366.0
2015.0,1,3,7,0.73,2,1,45.2,7,Downtown,397090.0
2434.0,4,3,36,7.44,2,0,73.6,1,Downtown,350130.0
1489.0,1,3,48,0.47,2,0,42.5,1,Suburb,165697.0
1679.0,1,3,51,8.94,2,0,48.4,1,Suburb,131165.0
1081.0,1,3,32,6.05,1,0,69.0,2,Suburb,108086.0
1022.0,2,2,21,8.7,2,0,62.1,9,Rural,108411.0
2328.0,5,3,49,7.14,0,1,31.5,5,Downtown,390077.0
2682.0,2,2,46,4.4,2,1,58.7,9,Suburb,333335.0
1753.0,2,2,4,1.79,0,1,53.3,5,Downtown,299048.0
2452.0,1,3,38,2.92,2,1,31.8,7,Rural,216886.0
2035.0,2,3,17,5.95,2,0,22.2,6,Rural,231601.0
1381.0,1,2,37,8.44,0,0,11.4,2,Suburb,132777.0
2035.0,5,2,53,12.09,0,0,44.1,3,Downtown,301594.0
2800.0,4,3,52,11.66,0,1,48.9,5,Suburb,335958.0
1777.0,1,3,36,28.8,0,0,60.1,4,Suburb,155640.0
2817.0,5,2,29,2.69,1,0,66.4,6,Suburb,358046.0
400.0,4,2,50,0.59,0,1,41.7,8,Rural,55263.0
2334.0,3,2,30,3.39,2,0,48.3,8,Rural,238624.0
1857.0,1,1,9,10.88,2,1,34.8,3,Suburb,225242.0
1606.0,1,2,14,4.61,1,1,51.7,4,Suburb,189519.0
1860.0,3,1,41,13.62,0,0,69.4,1,Downtown,193042.0
508.0,3,3,58,6.38,2,0,52.0,2,Suburb,32764.0
1657.0,1,3,47,21.25,1,1,73.3,9,Suburb,170155.0
2032.0,3,2,43,23.63,2,0,69.0,10,Suburb,197776.0
2761.0,2,3,17,0.57,1,0,79.2,10,Downtown,464503.0
1463.0,4,3,22,4.88,1,0,52.6,2,Downtown,249258.0
1274.0,4,3,32,7.53,0,1,39.4,6,Downtown,252505.0
1474.0,4,3,15,2.36,1,0,62.4,7,Suburb,187983.0
2395.0,2,1,53,4.18,2,1,42.5,6,Suburb,282806.0
2014.0,3,1,37,9.06,2,1,61.8,8,Suburb,231311.0
1456.0,5,2,34,2.06,0,0,36.7,9,Suburb,196842.0
2134.0,3,2,33,7.37,0,1,33.4,8,Suburb,256451.0
1863.0,1,2,27,9.56,1,0,74.3,5,Rural,129163.0
2430.0,4,3,1,0.76,0,0,29.7,8,Suburb,361154.0
1344.0,3,3,29,5.51,2,1,70.4,10,Rural,134294.0
1587.0,5,1,12,2.44,2,1,61.7,10,Suburb,252660.0
1545.0,1,1,40,10.31,0,0,51.9,9,Suburb,135991.0
849.0,2,2,15,1.68,0,1,12.1,8,Downtown,206928.0
1992.0,2,1,58,17.82,0,1,79.7,2,Suburb,155842.0
1970.0,5,1,4,4.51,1,1,31.3,2,Rural,182294.0
1803.0,1,1,54,1.77,1,0,69.1,3,Rural,138628.0
1648.0,4,1,27,4.61,2,1,36.2,7,Rural,175932.0
880.0,3,1,52,4.2,1,0,34.6,9,Downtown,150193.0
1527.0,1,2,38,4.48,1,0,63.4,8,Suburb,178586.0
1577.0,2,2,44,7.05,1,1,60.8,9,Suburb,193162.0
1279.0,5,1,19,5.89,1,1,27.1,6,Suburb,191335.0
1695.0,5,2,23,1.3,2,0,78.7,1,Downtown,280245.0
2063.0,3,3,26,0.54,0,0,45.9,4,Rural,163180.0
3026.0,5,1,29,10.46,2,0,51.4,6,Rural,283788.0
1913.0,5,3,57,6.56,1,1,44.1,6,Suburb,262025.0
1967.0,1,2,44,3.56,0,0,27.9,8,Downtown,295190.0
1752.0,4,2,26,13.22,0,0,64.7,1,Downtown,251528.0
553.0,3,3,25,3.93,0,0,55.8,2,Suburb,81063.0
1783.0,1,2,6,12.72,2,1,33.9,2,Suburb,224457.0
1839.0,4,1,41,2.92,0,1,68.9,6,Rural,170698.0
3401.0,1,3,46,0.61,2,1,51.1,7,Suburb,382625.0
1675.0,1,1,52,21.58,2,1,51.5,2,Suburb,115883.0
1996.0,5,3,58,4.01,1,0,85.5,5,Suburb,234427.0
1777.0,4,2,37,12.59,1,0,17.8,6,Downtown,316003.0
1040.0,3,3,4,2.62,0,0,17.6,4,Rural,131018.0
2543.0,3,3,22,8.32,0,1,22.1,1,Suburb,308649.0
2289.0,4,1,27,16.53,1,0,57.3,3,Rural,188916.0
2314.0,5,2,33,0.34,2,0,42.8,10,Suburb,349871.0
1209.0,2,1,52,14.21,2,0,44.4,9,Suburb,116785.0
2712.0,1,2,14,6.78,1,0,31.2,6,Downtown,459988.0
889.0,5,1,31,7.48,2,0,83.3,2,Suburb,91646.0
2181.0,4,3,25,5.92,1,1,90.0,9,Suburb,264388.0
3224.0,1,1,47,16.6,1,1,68.0,4,Suburb,312035.0
1156.0,3,2,30,0.36,0,1,19.9,8,Suburb,197198.0
1432.0,2,2,18,2.42,0,1,40.3,10,Downtown,282388.0
1865.0,3,3,8,16.68,1,0,66.5,7,Rural,159757.0
1473.0,4,2,28,11.17,0,0,49.1,3,Rural,116328.0
792.0,1,1,53,0.2,1,1,68.0,8,Downtown,71915.0
1845.0,4,3,57,5.82,2,1,75.0,4,Rural,165503.0
1110.0,1,2,50,6.03,2,0,88.1,2,Downtown,82900.0
2108.0,5,2,38,4.1,2,1,36.9,5,Suburb,275874.0
1202.0,2,1,3,2.82,2,0,51.6,1,Suburb,154988.0
2807.0,5,1,2,9.16,1,0,41.2,8,Rural,259543.0
1291.0,5,3,55,1.86,2,1,10.0,8,Downtown,274334.0
1591.0,4,2,28,12.83,2,0,64.0,3,Suburb,173846.0
2329.0,2,1,51,13.0,2,0,61.3,1,Suburb,209012.0
1000.0,1,3,10,4.29,2,0,39.1,4,Suburb,124872.0
1948.0,1,2,32,2.67,1,0,18.0,9,Suburb,240466.0
2650.0,3,2,37,2.67,2,1,42.3,9,Downtown,468987.0
755.0,1,3,57,5.27,0,1,64.6,1,Suburb,30000.0
1920.0,4,3,10,10.17,0,1,76.7,7,Rural,186240.0
1969.0,5,1,26,3.56,0,1,35.7,6,Rural,189022.0
2308.0,5,2,32,7.53,0,0,72.2,7,Rural,197896.0
996.0,5,2,20,3.86,0,0,62.4,7,Suburb,141218.0
942.0,2,2,38,2.91,0,0,58.3,8,Suburb,92024.0
2139.0,1,3,30,0.2,1,0,24.1,8,Suburb,296938.0
1993.0,4,1,37,0.2,0,0,25.0,10,Downtown,360463.0
1963.0,2,2,45,2.06,2,1,33.4,2,Rural,184386.0
2025.0,3,3,1,4.17,0,1,43.5,4,Downtown,359525.0
1358.0,4,2,26,15.24,1,0,86.0,4,Rural,85800.0
1951.0,4,1,35,12.82,0,1,36.8,10,Downtown,307613.0
1990.0,4,2,10,2.49,2,0,65.4,8,Rural,197274.0
1336.0,5,1,46,2.24,2,1,40.7,3,Downtown,220736.0
3013.0,4,1,17,2.06,1,1,59.5,3,Downtown,499931.0
2108.0,1,2,58,3.31,1,0,48.7,2,Suburb,210003.0
1026.0,4,2,0,5.52,1,0,53.5,1,Downtown,192539.0
2227.0,5,1,34,4.62,1,1,57.4,8,Suburb,302281.0
1166.0,4,3,34,1.97,0,1,45.0,9,Suburb,159104.0
2312.0,3,1,30,1.12,0,1,57.5,9,Downtown,388212.0
2553.0,3,2,27,0.2,2,1,74.7,8,Rural,226470.0
1267.0,5,2,38,1.34,1,1,34.9,5,Suburb,185043.0
2426.0,1,3,0,9.78,1,0,73.7,1,Suburb,294313.0
2068.0,1,1,24,2.23,0,0,44.7,9,Suburb,228482.0
2334.0,2,1,42,5.06,1,0,42.6,6,Suburb,270499.0
3033.0,5,1,37,7.16,2,0,64.0,7,Suburb,381247.0
1640.0,4,2,19,17.43,2,0,43.2,8,Downtown,275112.0
1310.0,5,1,2,17.58,1,1,56.4,5,Suburb,179760.0
1222.0,2,3,50,10.95,2,0,54.5,6,Suburb,115077.0
1270.0,5,2,1,0.29,2,0,8.3,7,Suburb,234222.0
1750.0,5,2,17,6.85,0,1,58.4,7,Suburb,230509.0
2022.0,2,1,43,12.36,2,0,21.2,2,Suburb,209296.0
1980.0,1,3,9,0.2,1,0,22.7,1,Downtown,355590.0
2338.0,4,2,4,6.38,1,1,57.3,8,Suburb,319762.0
1808.0,2,2,8,15.6,2,1,60.7,5,Suburb,205947.0
2745.0,3,1,1,5.14,1,0,74.1,10,Downtown,475294.0
1628.0,1,1,33,0.2,0,0,28.2,2,Downtown,198247.0
3568.0,3,3,59,0.2,2,1,35.2,3,Downtown,561049.0
2207.0,1,1,37,4.31,2,0,59.3,6,Rural,196826.0
1243.0,4,3,30,1.35,2,0,74.5,10,Suburb,173249.0
1104.0,4,2,9,8.74,1,1,53.8,6,Downtown,207426.0
2114.0,5,3,49,9.87,1,0,32.4,8,Downtown,367451.0
1655.0,3,3,11,1.57,2,0,80.1,5,Suburb,221292.0
2264.0,1,3,35,17.55,1,0,44.8,5,Suburb,257943.0
2108.0,4,2,53,4.67,1,1,45.4,7,Suburb,248223.0
1753.0,2,1,20,1.23,2,1,21.3,10,Rural,186105.0
1250.0,4,2,48,11.56,2,0,64.5,5,Suburb,121374.0
815.0,2,1,46,12.48,1,0,67.1,9,Downtown,97091.0
1510.0,1,3,5,8.16,2,0,35.9,6,Suburb,203761.0
2357.0,4,3,47,15.36,2,0,85.0,7,Rural,223317.0
1939.0,4,3,48,10.7,2,0,38.3,8,Suburb,240085.0
990.0,1,3,2,17.11,2,1,62.5,5,Suburb,143316.0
1913.0,4,3,9,4.55,1,0,54.5,4,Suburb,239501.0
2050.0,2,1,4,11.01,2,0,9.5,8,Suburb,263393.0
1225.0,4,1,45,50.0,0,0,60.9,10,Suburb,71511.0
1900.0,3,3,25,10.33,2,0,59.1,9,Rural,199005.0
1838.0,5,2,20,0.97,0,0,14.7,1,Suburb,241127.0
1057.0,2,2,44,5.84,2,0,80.5,3,Suburb,70931.0
2033.0,3,3,25,7.08,0,1,59.2,4,Downtown,339763.0
2165.0,1,1,37,1.53,0,1,74.8,7,Downtown,318743.0
2504.0,2,2,43,26.35,2,0,15.7,6,Suburb,262958.0
2485.0,5,2,25,1.54,2,0,41.8,10,Downtown,460148.0
905.0,5,2,7,1.56,2,0,73.6,10,Suburb,170168.0
1190.0,1,3,4,19.74,0,0,18.6,1,Downtown,148949.0
2135.0,1,2,14,5.01,1,1,42.4,4,Suburb,274828.0
2134.0,2,2,58,0.52,1,0,58.1,6,Rural,179288.0
2135.0,4,2,15,7.29,2,1,12.1,3,Suburb,263254.0
4304.0,1,2,0,7.37,1,1,23.6,2,Downtown,717515.0
2171.0,4,1,15,0.53,1,1,77.6,2,Suburb,227961.0
2538.0,3,3,36,28.76,2,1,51.2,10,Rural,204917.0
2420.0,5,3,2,6.28,0,0,73.5,4,Suburb,301523.0
2223.0,4,1,51,6.56,2,1,53.6,1,Downtown,302117.0
1595.0,5,1,46,5.87,1,1,99.1,10,Downtown,275905.0
2293.0,4,3,30,7.55,0,1,58.8,2,Suburb,279574.0
1298.0,3,2,12,2.46,1,0,75.4,10,Downtown,259460.0
1646.0,1,2,55,2.71,0,1,45.1,2,Rural,111834.0
1485.0,3,3,15,5.73,1,0,54.2,4,Rural,140347.0
1853.0,1,2,54,13.15,2,1,62.8,4,Downtown,252350.0
3305.0,1,1,42,0.41,1,0,66.2,1,Suburb,347942.0
586.0,5,2,20,7.4,1,1,49.2,7,Downtown,149210.0
2246.0,3,2,1,13.15,0,0,50.1,7,Rural,198484.0
752.0,4,2,53,1.37,1,0,60.0,10,Suburb,79700.0
1493.0,3,3,26,0.2,2,0,60.0,10,Suburb,215390.0
2508.0,5,1,37,3.0,2,0,29.5,10,Suburb,347033.0
1842.0,1,2,25,7.1,2,0,54.5,1,Suburb,174213.0
1099.0,5,3,57,1.19,0,0,56.4,8,Suburb,140378.0
1335.0,2,2,58,4.44,0,1,30.5,10,Suburb,139733.0
2242.0,2,1,37,6.43,1,1,68.1,7,Suburb,247401.0
1325.0,4,2,45,7.31,1,1,58.3,7,Suburb,135054.0
1941.0,5,1,24,2.57,1,0,96.6,6,Downtown,322950.0
1830.0,4,2,10,4.09,0,0,49.5,4,Downtown,312226.0
1376.0,4,1,7,12.05,0,0,72.7,8,Suburb,156759.0
3194.0,2,2,7,22.67,1,1,60.8,2,Suburb,337266.0
2212.0,4,1,32,15.84,0,1,88.4,7,Suburb,214203.0
484.0,2,2,52,6.65,0,0,30.6,3,Rural,30000.0
1921.0,1,2,6,4.23,2,0,40.1,3,Downtown,334669.0
1370.0,5,3,37,3.24,2,1,31.3,7,Downtown,297664.0
2354.0,4,3,20,1.07,1,1,48.4,3,Downtown,436510.0
1285.0,2,1,7,0.9,1,1,27.5,5,Suburb,210251.0
1725.0,3,2,50,9.33,2,1,19.5,8,Suburb,235742.0
2128.0,4,1,53,2.41,0,0,7.3,4,Suburb,246137.0
2363.0,1,3,20,2.35,1,0,6.1,7,Downtown,430994.0
1020.0,1,1,55,50.0,1,0,63.1,7,Suburb,30000.0
1583.0,3,1,19,1.67,1,0,40.9,2,Rural,151146.0
1491.0,2,3,7,1.28,0,0,25.3,8,Rural,168391.0
1375.0,4,2,57,0.83,2,0,36.8,10,Rural,162230.0
2948.0,2,1,45,6.94,1,0,39.4,10,Suburb,334985.0
2063.0,1,3,30,7.91,2,0,30.7,9,Rural,204459.0
980.0,2,2,49,3.64,2,0,82.1,6,Downtown,94071.0
2397.0,1,3,56,6.13,0,0,78.3,5,Downtown,304789.0
3179.0,2,1,28,12.42,0,0,81.8,1,Downtown,400221.0
2471.0,3,2,47,13.63,0,1,53.6,1,Suburb,268971.0
812.0,5,2,8,25.34,0,1,55.6,9,Rural,101220.0
1485.0,3,3,14,13.91,0,0,36.9,4,Downtown,236714.0
2623.0,3,3,29,6.66,0,0,33.1,1,Suburb,308827.0
1340.0,5,3,25,1.58,1,0,50.4,10,Suburb,209242.0
2088.0,5,2,9,0.84,2,1,63.0,3,Rural,204135.0
2304.0,4,2,28,0.45,0,0,73.9,6,Suburb,276047.0
1197.0,4,1,53,8.79,1,0,39.1,8,Rural,94138.0
1761.0,3,2,15,13.18,2,1,24.9,10,Suburb,270821.0
400.0,3,1,35,5.69,0,0,64.7,2,Suburb,30000.0
1134.0,1,3,19,0.45,0,0,13.6,8,Suburb,203998.0
1636.0,1,3,44,6.13,1,0,49.2,1,Suburb,151802.0
989.0,4,2,53,21.96,2,0,51.8,2,Downtown,94790.0
2861.0,4,3,36,7.28,0,0,42.4,8,Suburb,364472.0
870.0,1,3,21,13.26,2,1,19.1,7,Suburb,137755.0
1514.0,1,2,6,12.88,1,0,42.7,5,Suburb,177511.0
1885.0,2,1,22,21.52,0,1,82.9,10,Suburb,201001.0
2737.0,2,2,40,11.77,2,0,61.8,2,Suburb,286413.0
867.0,1,1,39,11.02,1,0,73.2,9,Suburb,51758.0
2556.0,2,2,28,2.13,1,0,25.7,5,Downtown,410787.0
1807.0,5,2,15,0.49,0,0,55.1,8,Suburb,263977.0
1162.0,4,3,37,5.83,2,0,51.8,4,Downtown,214910.0
2100.0,4,2,27,1.06,0,0,52.2,9,Downtown,346593.0
1929.0,1,2,47,26.2,0,1,61.1,10,Suburb,158734.0
1410.0,3,1,37,2.74,2,0,52.9,7,Downtown,205146.0
1845.0,1,3,30,15.34,2,0,26.2,2,Rural,161413.0
1550.0,2,1,13,3.92,2,0,62.3,3,Suburb,187881.0
1874.0,3,1,52,3.12,1,0,66.8,2,Rural,117564.0
2230.0,2,3,32,21.89,1,0,76.4,5,Downtown,328983.0
2831.0,5,3,56,3.61,2,0,77.3,2,Suburb,307753.0
995.0,2,3,8,3.96,1,0,59.5,5,Suburb,151131.0
3186.0,5,2,56,0.9,0,0,27.1,9,Rural,313887.0
531.0,5,3,26,8.88,2,1,19.4,2,Suburb,83998.0
1701.0,2,3,23,2.73,0,0,45.5,9,Downtown,293559.0
2182.0,2,3,12,7.05,2,0,68.4,7,Rural,190527.0
1983.0,5,1,25,7.16,0,1,67.1,7,Suburb,225253.0
1395.0,3,1,28,10.16,2,1,55.5,5,Downtown,213147.0
1665.0,5,2,50,10.94,0,1,49.3,8,Suburb,181817.0
1480.0,4,1,48,5.78,2,0,88.1,7,Suburb,146207.0
1417.0,5,2,42,3.22,2,1,61.5,6,Downtown,276743.0
2352.0,3,1,27,14.53,1,0,48.3,2,Suburb,260665.0
2032.0,4,3,27,2.97,0,0,37.1,6,Downtown,351880.0
1350.0,1,1,7,5.67,1,1,29.8,2,Suburb,153676.0
2385.0,1,2,22,4.1,0,0,27.9,1,Suburb,261482.0
2000.0,3,1,28,15.45,1,1,29.8,9,Suburb,282760.0
2328.0,5,3,4,4.52,2,1,55.6,5,Suburb,314321.0
2209.0,2,2,41,3.9,1,1,49.6,10,Downtown,367947.0
1261.0,3,3,6,9.36,1,1,43.5,10,Downtown,276713.0
1436.0,4,3,41,7.38,2,0,64.7,4,Downtown,236256.0
2286.0,4,2,35,0.91,1,0,86.2,8,Suburb,265727.0
2197.0,1,3,40,5.68,2,1,33.5,5,Suburb,247533.0
1786.0,4,3,26,10.64,0,1,36.5,7,Rural,182920.0
1876.0,3,1,57,38.7,1,1,5.7,3,Downtown,244365.0
2630.0,4,3,45,7.94,2,1,49.5,8,Suburb,328477.0
1415.0,3,3,1,3.7,2,1,47.4,8,Suburb,213348.0
2156.0,2,3,24,2.05,1,1,67.9,3,Suburb,252937.0
1669.0,1,3,8,16.5,0,0,48.3,9,Rural,126639.0
1659.0,4,2,52,13.48,1,0,38.2,8,Downtown,253298.0
2514.0,3,1,26,2.13,2,1,53.9,1,Downtown,414293.0
2337.0,5,3,0,1.79,0,0,61.1,8,Suburb,344133.0
2329.0,1,3,22,10.05,1,0,17.6,4,Suburb,278840.0
2649.0,2,2,9,3.03,2,0,70.1,6,Downtown,463782.0
1814.0,3,3,41,2.93,1,1,76.1,10,Downtown,331956.0
2243.0,2,2,51,1.32,0,1,60.9,9,Suburb,265702.0
1598.0,2,1,24,2.45,0,1,31.3,5,Suburb,174719.0
2011.0,4,1,53,4.46,0,0,43.5,7,Downtown,277987.0
1715.0,4,3,2,10.56,0,1,73.7,1,Suburb,225768.0
1863.0,3,3,5,3.28,0,1,30.4,9,Suburb,284556.0
2187.0,5,3,57,3.19,1,0,62.6,6,Suburb,280331.0
1268.0,3,2,5,2.68,0,0,49.0,4,Rural,104618.0
3160.0,5,3,52,5.21,0,0,53.2,6,Downtown,503395.0
1146.0,2,3,1,1.59,2,0,33.3,5,Rural,149140.0
1011.0,1,1,57,5.32,0,1,56.6,3,Suburb,50101.0
2553.0,3,3,57,9.74,2,0,55.2,7,Suburb,302530.0
2315.0,3,1,17,0.24,2,1,19.8,3,Suburb,307357.0
2206.0,5,3,22,0.2,2,0,49.9,2,Suburb,291056.0
2208.0,2,1,1,0.62,1,0,62.3,4,Rural,183851.0
1792.0,2,3,11,6.14,1,0,42.3,7,Rural,181943.0
1217.0,5,1,21,15.42,2,0,1.0,5,Downtown,275027.0
1849.0,2,2,36,0.2,1,0,47.7,9,Downtown,315768.0
1360.0,4,1,19,22.07,0,0,79.3,10,Suburb,131497.0
2434.0,1,1,38,0.9,1,0,43.1,7,Rural,229167.0
1704.0,3,1,23,14.76,0,0,78.6,9,Suburb,169121.0
1263.0,1,3,47,5.28,0,1,33.8,9,Suburb,175963.0
1591.0,3,3,19,8.62,1,0,26.8,2,Suburb,180716.0
2068.0,4,3,0,5.72,1,0,49.9,1,Suburb,272784.0
1434.0,2,2,0,5.19,2,1,33.5,4,Suburb,228016.0
1266.0,5,2,16,14.41,1,0,56.6,4,Suburb,141892.0
1958.0,4,1,58,11.28,1,1,42.5,2,Rural,150015.0
1959.0,1,2,0,5.28,1,1,79.5,3,Suburb,240854.0
1470.0,5,1,52,0.95,0,0,41.2,3,Suburb,127705.0
1494.0,2,1,51,0.98,0,1,51.8,5,Suburb,163714.0
1951.0,4,1,44,12.94,0,1,61.9,1,Suburb,185619.0
859.0,5,2,29,6.03,2,1,69.1,9,Downtown,199058.0
885.0,4,3,40,5.26,2,1,79.6,8,Downtown,140918.0
1333.0,4,2,46,9.13,2,0,45.3,8,Suburb,142884.0
1661.0,2,1,2,15.66,0,1,42.0,3,Suburb,181703.0
2002.0,3,1,45,7.93,1,0,11.7,2,Suburb,215365.0
2759.0,5,2,54,11.51,2,0,90.8,1,Downtown,370459.0
2357.0,2,1,10,11.59,2,0,57.2,6,Suburb,271145.0
1696.0,4,1,23,3.52,0,0,65.0,10,Suburb,186399.0
1788.0,2,2,21,2.56,2,0,61.1,1,Suburb,195680.0
1148.0,3,2,43,12.92,1,1,51.0,5,Downtown,161596.0
1788.0,5,2,44,3.79,0,1,57.0,9,Suburb,227171.0
1612.0,3,1,25,18.69,0,0,38.8,9,Rural,143549.0
2010.0,1,1,12,0.58,1,1,44.0,4,Downtown,332200.0
1262.0,5,3,0,0.48,1,1,31.0,7,Suburb,209429.0
2138.0,3,3,23,20.94,1,0,81.1,7,Suburb,226201.0
2796.0,4,2,9,8.36,2,0,61.2,4,Suburb,349879.0
1729.0,5,3,34,3.82,1,1,89.5,5,Suburb,203916.0
2061.0,5,1,23,11.25,0,1,95.9,9,Suburb,218804.0
2249.0,2,3,27,8.93,1,1,21.9,7,Suburb,311339.0
1539.0,4,1,35,6.06,0,1,69.7,7,Suburb,160709.0
1946.0,1,2,15,0.83,0,0,22.8,10,Downtown,339151.0
1808.0,3,2,39,13.38,2,0,53.5,7,Downtown,275588.0
1863.0,2,1,15,16.08,1,0,56.3,9,Suburb,210485.0
1298.0,3,3,58,1.51,2,0,24.3,5,Downtown,223245.0
1816.0,1,2,16,15.2,1,1,35.2,6,Rural,174756.0
2124.0,1,2,50,16.82,1,1,57.2,3,Rural,156526.0
2743.0,5,3,53,6.38,1,0,53.5,1,Rural,230078.0
2424.0,1,3,14,8.54,1,1,29.6,2,Rural,228523.0
3200.0,3,1,15,3.85,1,0,36.0,8,Suburb,386645.0
1301.0,4,3,14,2.65,0,1,20.2,1,Rural,157770.0
2367.0,4,3,56,10.24,0,1,25.9,10,Downtown,398543.0
1919.0,5,3,33,15.84,1,1,42.6,7,Downtown,366108.0
3223.0,3,1,10,8.49,0,1,69.7,5,Suburb,397089.0
1275.0,3,1,0,5.73,2,0,72.3,6,Downtown,219767.0
1254.0,1,2,14,1.38,2,1,86.7,8,Rural,114939.0
1410.0,3,1,25,0.44,2,1,58.5,4,Suburb,191758.0
419.0,2,2,50,4.72,1,0,53.8,6,Suburb,30000.0
1458.0,1,3,3,0.4,1,1,59.9,3,Downtown,248348.0
1307.0,2,2,42,6.74,0,1,59.7,7,Suburb,161573.0
1898.0,5,2,4,3.86,0,0,17.7,2,Downtown,374121.0
2022.0,4,3,34,11.32,0,0,87.8,8,Rural,155738.0
3020.0,5,2,12,2.92,2,1,11.4,7,Downtown,595120.0
2418.0,4,1,9,7.19,2,1,73.0,8,Suburb,299811.0
1425.0,5,1,10,6.17,2,0,51.1,2,Downtown,246068.0
1216.0,3,1,17,0.2,2,0,28.2,3,Downtown,228294.0
2120.0,2,1,33,0.6,0,0,60.6,4,Suburb,233039.0
942.0,4,2,38,2.74,1,1,47.6,9,Downtown,197408.0
2990.0,1,2,40,17.11,1,1,36.3,5,Suburb,345882.0
2567.0,2,3,41,1.27,2,0,22.4,6,Downtown,419178.0
1495.0,1,2,49,9.93,1,0,20.7,1,Suburb,137359.0
686.0,2,2,22,29.0,1,0,37.8,4,Suburb,32644.0
2680.0,2,2,6,12.51,1,1,42.3,4,Downtown,436933.0
1726.0,5,3,58,2.23,2,0,25.8,10,Suburb,232736.0
2605.0,4,1,38,19.12,0,0,50.8,8,Rural,224397.0
764.0,4,2,2,0.78,0,0,28.6,8,Downtown,214893.0
1410.0,2,3,11,5.05,1,1,57.2,10,Downtown,291262.0
1803.0,3,3,6,17.48,0,0,74.6,6,Suburb,189433.0
1831.0,3,3,48,8.2,0,0,55.8,8,Suburb,202840.0
1507.0,1,1,25,4.27,2,1,48.1,9,Suburb,173121.0
2205.0,1,2,32,2.77,2,0,39.3,5,Suburb,240550.0
1106.0,5,3,36,3.76,1,0,78.9,1,Suburb,104405.0
1707.0,2,1,47,5.69,1,1,46.1,1,Downtown,227066.0
1878.0,1,3,14,3.07,1,0,99.8,2,Suburb,195073.0
2134.0,1,3,1,27.78,2,0,26.3,2,Suburb,251563.0
2263.0,2,3,40,21.63,0,0,55.8,5,Suburb,232462.0
1069.0,5,3,6,16.36,2,1,78.3,7,Rural,103068.0
803.0,1,3,31,4.38,2,0,36.2,7,Suburb,121887.0
2630.0,5,1,3,9.4,0,1,45.3,4,Rural,267565.0
2016.0,4,2,19,18.65,0,0,62.5,4,Suburb,213141.0
1313.0,5,2,49,15.2,1,0,57.8,10,Downtown,201012.0
2808.0,3,2,52,4.28,0,1,61.2,3,Downtown,397909.0
1875.0,3,2,35,0.95,0,1,73.2,2,Suburb,179791.0
2567.0,5,1,31,0.63,0,0,43.1,3,Suburb,321293.0
1844.0,3,1,27,6.88,0,1,78.7,8,Downtown,293665.0
3139.0,4,1,12,8.23,1,0,15.6,1,Suburb,377340.0
2941.0,2,3,0,15.17,1,0,71.5,4,Suburb,323757.0
1638.0,3,3,59,2.77,0,0,72.9,7,Downtown,209460.0
2432.0,3,3,55,1.47,0,1,34.5,5,Downtown,390962.0
2219.0,5,2,34,3.81,1,0,21.0,2,Rural,191093.0
2690.0,4,3,47,3.49,1,0,45.4,1,Suburb,323921.0
1173.0,2,2,29,1.14,0,0,58.1,6,Suburb,146104.0
2246.0,5,3,53,8.92,2,0,43.3,5,Suburb,276811.0
2488.0,5,2,35,5.69,1,1,60.0,3,Suburb,310652.0
657.0,4,3,56,10.22,1,1,88.8,9,Downtown,78967.0
1031.0,2,3,54,3.48,1,1,22.7,3,Suburb,121241.0
474.0,4,1,24,3.15,0,0,10.9,2,Suburb,50557.0
1625.0,2,3,15,5.12,0,0,48.6,5,Suburb,219498.0
2266.0,4,3,57,16.79,1,1,36.4,9,Downtown,359409.0
2777.0,5,1,18,0.33,0,1,40.4,8,Downtown,507361.0
1848.0,5,2,0,13.07,0,0,75.3,6,Rural,212035.0
2859.0,1,1,4,3.68,1,1,47.6,3,Suburb,340054.0
903.0,3,1,50,15.43,0,1,49.4,6,Suburb,82650.0
693.0,4,2,21,12.96,2,1,41.3,5,Suburb,108750.0
1764.0,1,3,23,3.43,0,0,49.2,1,Rural,119722.0
2050.0,3,2,42,9.47,0,0,55.4,5,Suburb,201734.0
1779.0,4,3,44,1.39,1,0,100.0,7,Suburb,225301.0
456.0,2,3,51,18.13,1,0,55.6,9,Rural,30000.0
1742.0,3,2,36,4.15,2,0,73.3,1,Suburb,176223.0
952.0,5,1,52,4.86,0,0,53.7,3,Downtown,107953.0
2235.0,1,2,35,9.79,2,1,9.4,8,Downtown,390074.0
2038.0,3,3,35,13.76,2,0,38.7,6,Suburb,251493.0
1189.0,3,2,3,2.16,1,0,55.6,5,Rural,126703.0
1466.0,5,2,35,8.66,0,1,64.5,10,Suburb,207778.0
1112.0,4,3,51,3.98,1,1,54.2,2,Suburb,105985.0
1759.0,2,1,52,3.68,2,1,68.4,3,Suburb,153737.0
2421.0,5,2,17,9.37,2,0,20.8,2,Suburb,334312.0
1159.0,2,3,49,3.92,1,1,51.0,1,Suburb,140242.0
2128.0,4,3,15,3.4,1,0,76.6,7,Downtown,382245.0
1455.0,3,2,40,14.46,1,0,30.6,3,Rural,133175.0
1285.0,2,1,17,0.85,1,1,72.4,7,Suburb,155005.0
1730.0,1,2,21,9.01,1,0,71.4,7,Suburb,189396.0
1127.0,1,1,1,2.29,2,0,25.3,8,Suburb,175553.0
1440.0,5,1,20,0.2,1,0,56.8,1,Downtown,236041.0
1021.0,4,1,35,1.46,0,0,53.2,5,Suburb,136140.0
3077.0,5,1,43,7.46,2,0,46.5,10,Suburb,404206.0
1823.0,5,2,38,9.88,2,1,19.5,9,Suburb,257066.0
1345.0,5,3,46,0.2,0,0,44.7,7,Suburb,154194.0
1939.0,1,3,38,0.3,0,1,46.9,1,Suburb,205967.0
1727.0,1,3,28,18.63,2,0,16.0,8,Rural,142039.0
1656.0,5,3,53,0.61,1,0,23.9,3,Downtown,284952.0
2199.0,1,3,25,17.97,2,0,31.5,4,Suburb,231439.0
2292.0,4,3,20,2.07,2,0,29.0,4,Suburb,331405.0
1455.0,5,2,16,10.78,0,1,56.5,10,Suburb,219406.0
1426.0,1,1,15,2.97,2,0,68.2,8,Suburb,178102.0
1621.0,2,3,59,15.66,1,0,43.8,1,Suburb,150768.0
400.0,5,2,30,9.64,0,1,65.3,8,Rural,49621.0
815.0,5,3,50,4.11,2,0,69.0,9,Downtown,155648.0
2688.0,4,3,8,0.63,2,1,48.3,9,Suburb,410008.0
2869.0,3,1,30,10.56,1,1,58.2,5,Downtown,441563.0
1638.0,3,1,13,7.68,2,0,45.5,4,Downtown,281834.0
2175.0,4,1,48,0.2,2,0,27.5,4,Suburb,249148.0
2002.0,4,3,36,0.2,2,0,35.1,9,Downtown,382616.0
3801.0,4,3,1,13.24,2,1,56.5,8,Rural,409254.0
2528.0,3,3,51,2.4,1,0,47.6,10,Rural,246432.0
1717.0,4,1,47,8.09,2,0,64.7,10,Suburb,199455.0
1179.0,1,2,45,4.84,2,0,12.3,7,Suburb,148313.0
756.0,5,3,13,15.93,2,0,17.1,3,Suburb,124550.0
1932.0,5,3,58,19.91,0,0,19.4,4,Rural,162586.0
1308.0,2,3,32,45.98,1,1,53.3,9,Suburb,103255.0
876.0,2,2,34,1.33,0,0,22.4,8,Downtown,168072.0
1380.0,5,3,57,15.9,0,1,56.4,1,Suburb,133530.0
1097.0,1,2,38,2.47,1,1,65.1,3,Suburb,98791.0
2897.0,3,3,57,7.15,0,0,80.3,10,Suburb,321480.0
2373.0,3,2,46,5.64,0,0,78.1,2,Rural,179141.0
1795.0,1,3,50,0.2,0,0,36.1,2,Rural,128909.0
2762.0,3,1,19,21.6,1,1,16.6,8,Suburb,353254.0
1850.0,4,1,1,0.65,2,0,37.4,6,Suburb,281442.0
1240.0,5,1,50,9.32,1,1,69.5,6,Rural,119557.0
2790.0,5,1,40,12.3,1,1,42.2,4,Downtown,448972.0
2150.0,1,3,18,12.69,1,0,49.5,1,Suburb,219758.0
1126.0,3,1,58,1.16,0,1,38.9,7,Downtown,164281.0
1676.0,2,2,36,4.75,2,0,81.6,8,Rural,119849.0
1231.0,2,1,17,14.15,1,1,29.7,2,Suburb,146262.0
901.0,3,1,15,2.88,1,0,51.3,2,Downtown,107498.0
2402.0,2,1,3,5.05,2,0,72.2,1,Rural,218376.0
3041.0,1,3,11,2.55,2,0,86.8,4,Suburb,368293.0
891.0,1,1,28,4.98,2,1,36.1,6,Rural,36723.0
2166.0,3,2,6,17.5,0,0,69.2,5,Downtown,346812.0
1377.0,2,1,13,4.86,2,1,37.4,4,Suburb,194260.0
1483.0,1,1,54,6.49,0,0,77.5,4,Suburb,98787.0
1415.0,1,1,11,4.14,1,0,84.6,10,Suburb,144053.0
1238.0,4,2,34,4.93,0,0,32.2,7,Suburb,150721.0
1832.0,4,1,4,0.2,2,0,63.1,7,Rural,179155.0
1260.0,1,2,16,2.67,0,0,72.3,2,Suburb,137163.0
1976.0,3,2,57,4.59,2,0,44.1,7,Rural,163096.0
1767.0,5,1,41,8.04,0,1,61.0,2,Downtown,266778.0
1645.0,5,2,31,4.78,1,0,62.0,4,Downtown,265556.0
1210.0,1,3,9,3.3,0,0,90.2,1,Downtown,146690.0
1425.0,1,1,42,3.93,1,0,10.6,5,Suburb,136399.0
2291.0,1,1,16,2.22,2,1,48.9,1,Suburb,245656.0
2126.0,3,2,4,20.67,1,0,25.0,4,Rural,216250.0
1165.0,4,2,44,5.9,2,0,50.3,9,Suburb,148798.0
1865.0,1,1,41,0.2,2,0,34.3,8,Suburb,226452.0
2288.0,1,3,8,0.2,1,1,44.9,6,Suburb,329263.0
715.0,2,2,48,28.88,1,1,32.5,8,Downtown,67948.0
2153.0,3,2,32,2.0,0,0,53.1,5,Downtown,335700.0
1369.0,1,3,35,13.1,0,0,71.5,7,Suburb,142365.0
2171.0,2,3,35,0.48,1,1,42.5,8,Suburb,280944.0
1304.0,5,1,17,20.32,1,1,78.6,7,Suburb,154314.0
627.0,1,3,8,16.6,1,1,70.9,4,Suburb,69546.0
742.0,1,1,56,6.77,1,1,90.7,5,Suburb,30000.0
1831.0,2,3,28,0.2,2,1,58.2,10,Suburb,262128.0
1969.0,3,2,49,2.39,1,1,48.8,6,Rural,171753.0
1212.0,1,1,13,4.18,1,0,18.3,6,Downtown,230068.0
2215.0,5,1,24,4.93,1,0,34.4,9,Suburb,309515.0
720.0,1,1,14,2.83,1,0,45.8,10,Suburb,97675.0
1757.0,5,3,5,0.27,2,1,48.2,2,Rural,196127.0
1013.0,4,2,55,7.14,0,1,97.0,6,Downtown,68842.0
1376.0,4,1,41,5.94,0,1,45.9,3,Suburb,166735.0
1831.0,5,1,28,2.66,0,0,14.6,2,Suburb,216906.0
1241.0,3,1,14,0.31,0,0,63.3,6,Suburb,135812.0
1550.0,1,1,28,41.76,0,0,62.1,4,Downtown,116122.0
2454.0,1,2,3,5.26,2,0,40.8,5,Downtown,390802.0
1425.0,4,3,17,11.28,0,1,92.6,5,Suburb,167257.0
2343.0,5,2,49,4.82,2,1,12.1,3,Suburb,309034.0
1066.0,1,1,56,0.35,2,0,75.0,4,Downtown,89848.0
2144.0,1,2,48,2.96,0,0,44.2,3,Suburb,205001.0
2737.0,3,1,43,3.09,0,1,31.0,7,Downtown,437148.0
400.0,2,3,38,14.58,0,0,98.0,1,Rural,30000.0
1282.0,4,3,15,8.5,1,1,64.7,6,Suburb,150852.0
2175.0,4,3,10,2.58,2,0,44.0,4,Rural,217160.0
1668.0,2,1,13,27.47,0,0,43.6,1,Suburb,124139.0
2041.0,1,2,2,3.1,1,0,55.5,1,Rural,187173.0
1407.0,3,3,50,50.0,2,0,40.8,5,Suburb,91389.0
1856.0,3,1,49,44.51,1,0,76.0,5,Suburb,129501.0
1699.0,4,1,41,1.7,1,0,51.8,10,Suburb,235101.0
2559.0,3,2,37,3.0,0,0,70.4,7,Suburb,310072.0
1965.0,2,3,44,5.32,2,0,54.2,4,Suburb,200431.0
2019.0,1,1,41,8.73,1,0,67.4,9,Downtown,283962.0
1532.0,2,2,17,6.01,2,0,76.9,4,Downtown,242834.0
1483.0,5,3,57,27.9,0,0,83.6,7,Suburb,131085.0
1519.0,4,2,19,10.3,2,1,59.8,5,Suburb,206751.0
2056.0,3,2,57,1.91,1,1,32.7,5,Downtown,298608.0
1526.0,5,1,47,0.89,1,0,46.5,6,Suburb,196819.0
1988.0,3,1,24,9.33,2,0,49.5,8,Suburb,233430.0
3149.0,1,1,56,1.38,1,0,38.5,5,Rural,265938.0
2366.0,1,2,37,12.4,1,0,35.2,3,Downtown,344353.0
1588.0,1,1,12,2.98,1,1,53.5,6,Suburb,202054.0
2581.0,3,2,3,3.17,0,1,30.3,2,Rural,249623.0
1535.0,5,2,54,0.2,0,1,26.5,8,Suburb,230140.0
475.0,1,1,13,9.66,1,0,16.1,8,Downtown,105086.0
1145.0,5,3,32,0.96,2,0,59.6,3,Rural,118345.0
584.0,3,3,27,11.86,0,1,56.8,8,Suburb,60880.0
1572.0,5,3,51,5.42,2,0,43.5,9,Suburb,218395.0
1812.0,3,2,36,12.27,1,0,69.9,5,Rural,168956.0
2890.0,3,2,7,7.02,1,1,30.0,5,Rural,264091.0
2013.0,4,2,43,0.69,2,1,57.6,6,Suburb,263149.0
1658.0,3,1,33,11.61,0,1,51.1,7,Downtown,264144.0
2339.0,3,2,43,0.58,2,0,35.2,3,Suburb,303896.0
400.0,2,1,4,5.21,2,0,40.1,5,Downtown,97952.0
1953.0,1,1,53,1.51,1,0,38.6,1,Downtown,248887.0
2301.0,4,3,4,11.17,0,1,55.1,10,Suburb,326085.0
839.0,4,3,30,19.41,2,0,61.9,5,Rural,61559.0
2543.0,4,3,44,6.46,0,1,41.5,4,Rural,246317.0
2020.0,2,1,8,5.99,1,1,35.8,1,Suburb,219526.0
1530.0,3,1,41,11.55,0,0,52.7,7,Suburb,148418.0
2211.0,1,1,31,0.2,1,0,17.0,1,Downtown,344163.0
3276.0,5,2,32,19.98,0,0,50.7,8,Downtown,541262.0
1918.0,3,1,2,1.76,2,1,81.2,10,Downtown,356200.0
1961.0,2,3,29,33.14,1,1,35.9,2,Suburb,180262.0
1501.0,3,3,49,10.66,2,1,46.5,10,Downtown,254955.0
1248.0,3,1,11,11.91,1,0,70.5,5,Rural,95489.0
2340.0,2,1,28,8.54,0,0,65.1,6,Suburb,244883.0
1244.0,4,3,2,5.1,0,1,51.2,9,Downtown,266209.0
1847.0,4,1,25,6.78,1,0,48.8,7,Downtown,304804.0
1490.0,1,3,56,0.38,1,1,25.3,6,Suburb,148860.0
2111.0,1,2,29,7.82,1,1,59.8,5,Rural,178225.0
2017.0,4,3,8,7.87,0,0,23.1,6,Suburb,293262.0
2474.0,5,2,25,17.75,1,0,8.7,4,Suburb,338067.0
1468.0,3,1,1,5.64,1,0,70.2,1,Suburb,176673.0
1625.0,5,1,2,0.64,2,0,57.7,9,Suburb,261683.0
1164.0,3,2,45,2.92,1,1,67.6,5,Rural,96100.0
1511.0,4,1,3,8.53,2,1,35.3,8,Suburb,205253.0
2045.0,1,2,24,2.19,2,1,59.3,7,Suburb,254154.0
2292.0,1,1,50,2.63,2,1,41.2,8,Suburb,266049.0
1201.0,5,3,12,13.74,0,0,43.5,1,Suburb,164037.0
2365.0,1,1,38,7.02,2,0,69.5,9,Suburb,265922.0
2681.0,4,3,43,5.68,1,1,47.0,1,Downtown,419675.0
2069.0,5,3,34,3.07,0,0,36.1,3,Suburb,290776.0
3020.0,3,2,54,10.5,0,1,22.7,8,Rural,282294.0
1297.0,1,1,22,2.71,0,1,57.2,1,Suburb,127543.0
991.0,2,2,8,10.69,0,0,71.2,1,Downtown,121543.0
644.0,1,1,1,0.58,0,0,34.3,6,Rural,70582.0
2772.0,3,3,53,15.99,0,0,63.8,5,Downtown,384639.0
2225.0,5,3,40,5.54,0,1,31.1,6,Downtown,363059.0
1764.0,3,1,43,4.62,2,0,65.0,3,Downtown,227987.0
1982.0,2,1,30,7.55,1,1,50.7,10,Suburb,234998.0
1068.0,4,2,43,7.83,1,0,55.4,10,Suburb,140313.0
3390.0,1,1,46,1.13,2,1,36.1,6,Suburb,372263.0
1884.0,5,1,1,11.29,2,0,57.2,2,Suburb,230133.0
1871.0,4,1,31,2.58,0,0,38.0,8,Suburb,230191.0
2272.0,3,2,17,18.83,0,1,41.7,6,Suburb,272783.0
2113.0,5,1,12,13.62,2,1,19.6,4,Downtown,397615.0
1946.0,4,3,45,3.4,0,0,34.6,4,Suburb,223441.0
1286.0,5,2,4,13.19,1,1,39.5,7,Suburb,190653.0
2106.0,2,2,57,3.53,1,1,56.3,3,Suburb,204228.0
3023.0,2,3,41,0.85,0,0,61.9,3,Suburb,327621.0
2675.0,1,3,43,26.14,0,0,37.8,6,Suburb,269564.0
2836.0,1,3,9,8.46,0,1,46.7,9,Downtown,506340.0
1468.0,2,1,55,4.87,1,0,83.7,1,Rural,59873.0
1157.0,5,3,42,4.06,0,0,52.6,5,Downtown,217088.0
1718.0,2,1,24,3.14,2,1,39.3,1,Downtown,250575.0
1836.0,1,2,33,31.9,0,0,16.4,1,Suburb,171276.0
2511.0,2,2,36,1.16,2,0,32.9,3,Suburb,290320.0
700.0,2,3,29,3.02,0,1,32.1,3,Downtown,103874.0
2794.0,5,1,6,5.32,0,0,89.6,4,Rural,267400.0
1697.0,4,3,5,5.2,1,1,33.0,3,Rural,185393.0
1523.0,1,3,53,5.1,2,1,51.0,6,Suburb,164394.0
1142.0,5,1,54,1.55,2,0,57.4,4,Suburb,119531.0
724.0,2,3,2,1.25,2,0,72.1,8,Suburb,107242.0
2335.0,2,2,12,2.35,1,0,50.2,1,Suburb,270130.0
1848.0,4,3,2,19.68,2,0,39.8,8,Suburb,210125.0
962.0,1,1,25,0.96,1,1,38.5,1,Rural,45966.0
958.0,1,1,56,11.33,0,1,57.1,1,Rural,34617.0
1582.0,3,2,23,11.34,0,0,36.3,7,Rural,163480.0
2885.0,1,1,52,13.28,2,0,27.9,1,Downtown,412925.0
1631.0,4,1,5,17.42,0,0,39.8,9,Downtown,276238.0
823.0,3,2,42,2.44,0,0,23.5,8,Downtown,152994.0
1640.0,3,3,59,2.03,2,0,87.0,1,Suburb,111571.0
1623.0,2,2,57,5.01,0,0,61.9,2,Suburb,129481.0
400.0,2,3,48,2.46,2,1,82.4,2,Suburb,30000.0
1765.0,1,2,41,10.6,2,0,59.7,2,Suburb,160872.0
1650.0,3,3,11,8.08,0,0,80.5,6,Suburb,188691.0
2253.0,2,2,48,16.63,0,1,57.3,4,Suburb,218543.0
3002.0,4,3,35,0.69,0,0,64.5,8,Rural,297469.0
2532.0,2,2,1,19.73,0,0,7.3,1,Downtown,402657.0
1625.0,2,3,10,2.78,0,0,31.7,10,Downtown,320813.0
1081.0,3,2,38,5.4,1,0,50.7,4,Suburb,136742.0
3473.0,3,1,33,4.62,0,0,51.2,10,Suburb,415935.0
1838.0,5,3,25,11.43,1,1,48.5,5,Suburb,217347.0
1809.0,4,2,17,4.36,2,0,59.1,9,Downtown,357765.0
1784.0,3,3,20,23.0,0,1,59.9,5,Downtown,278071.0
1929.0,1,3,35,18.63,0,0,67.3,3,Suburb,136380.0
1706.0,4,2,39,16.46,0,0,63.4,4,Rural,123243.0
1427.0,4,3,51,0.59,2,0,74.1,10,Rural,134681.0
1445.0,3,2,45,15.41,1,0,74.2,7,Suburb,154717.0
1779.0,4,1,43,12.17,1,0,53.5,1,Suburb,171174.0
1447.0,3,3,21,0.87,0,0,91.6,6,Rural,125805.0
1337.0,2,1,52,0.91,0,0,77.2,8,Suburb,122877.0
1869.0,5,3,58,0.85,0,0,33.9,1,Suburb,205514.0
1634.0,2,3,29,0.2,0,0,57.9,8,Rural,170209.0
2778.0,3,3,49,6.36,2,0,13.1,7,Suburb,339893.0
400.0,3,2,42,29.01,0,0,16.5,1,Rural,30000.0
2509.0,2,1,59,4.62,2,1,40.0,9,Downtown,394248.0
2610.0,1,3,29,6.23,0,1,32.5,3,Suburb,283191.0
452.0,1,2,7,27.53,1,0,40.1,2,Rural,38183.0
1577.0,1,3,33,2.36,1,0,56.6,7,Downtown,244463.0
1559.0,3,2,56,15.64,0,0,74.5,3,Suburb,128830.0
885.0,4,3,46,6.32,0,1,73.4,1,Downtown,83198.0
1294.0,3,1,8,6.74,2,0,58.3,10,Rural,147970.0
1078.0,4,1,50,3.36,0,1,28.3,3,Suburb,131325.0
2939.0,2,3,19,6.6,0,0,38.9,6,Downtown,500613.0
2408.0,5,2,39,0.61,0,0,62.7,3,Suburb,307900.0
2627.0,4,3,24,11.57,1,0,33.5,5,Suburb,322761.0
2269.0,1,2,18,2.68,2,0,24.7,9,Suburb,300473.0
1066.0,3,3,4,17.49,1,1,59.8,7,Suburb,131518.0
1459.0,2,2,10,3.67,2,0,49.0,2,Rural,131430.0
2118.0,1,1,14,1.23,1,0,45.8,1,Suburb,245215.0
1006.0,2,3,7,9.52,0,0,72.2,7,Suburb,127926.0
2263.0,5,1,18,1.44,1,1,71.8,4,Downtown,408268.0
1644.0,3,1,22,11.21,1,0,85.6,7,Rural,136554.0
1556.0,3,3,26,27.56,2,0,37.0,6,Downtown,237385.0
2262.0,5,3,39,12.1,2,0,58.6,7,Suburb,262677.0
2089.0,3,2,31,0.2,1,0,50.4,4,Rural,199913.0
1565.0,4,2,25,7.33,2,1,56.8,3,Downtown,258598.0
2554.0,2,1,26,9.51,2,0,27.3,5,Suburb,317710.0
1097.0,1,2,18,13.96,2,0,22.0,3,Downtown,160164.0
2200.0,5,2,49,0.46,2,0,49.2,3,Suburb,281745.0
2186.0,4,3,41,5.23,2,1,33.1,4,Suburb,286417.0
1599.0,1,2,28,6.13,1,0,68.8,8,Rural,144783.0
2012.0,1,1,38,1.48,2,0,20.0,2,Rural,174555.0
987.0,5,2,59,3.11,0,1,21.6,4,Suburb,108780.0
2401.0,4,1,40,4.64,1,0,41.7,3,Suburb,269631.0
1680.0,1,3,32,14.33,1,1,19.2,7,Suburb,186536.0
1460.0,1,1,18,21.21,1,0,83.5,2,Suburb,106875.0
2482.0,4,2,36,7.92,2,0,46.3,1,Suburb,261798.0
1342.0,3,3,18,4.02,0,1,37.9,10,Rural,158207.0
885.0,1,2,32,2.34,2,1,59.4,1,Suburb,30000.0
788.0,2,3,46,32.2,1,0,67.7,6,Suburb,39427.0
2194.0,4,3,15,32.61,1,1,54.1,3,Suburb,225822.0
968.0,1,2,22,20.72,1,0,48.6,7,Suburb,74755.0
2941.0,5,2,6,12.32,1,1,30.3,8,Downtown,569748.0
447.0,2,3,25,3.15,2,0,62.6,5,Suburb,57605.0
2903.0,1,3,31,13.59,0,0,78.3,5,Suburb,311739.0
1937.0,2,2,11,4.2,0,1,45.6,2,Suburb,216809.0
1737.0,2,1,7,3.17,1,1,33.0,8,Suburb,258022.0
1446.0,3,2,4,10.93,0,0,53.6,10,Suburb,195265.0
2059.0,2,3,41,0.66,1,0,50.1,1,Rural,168418.0
1776.0,3,2,27,0.4,1,0,25.7,10,Rural,212677.0
2517.0,4,1,52,4.75,0,0,39.9,9,Suburb,280717.0
1874.0,3,2,4,4.72,1,0,85.8,1,Downtown,294183.0
1898.0,5,3,48,18.08,0,0,23.0,1,Rural,159962.0
1564.0,1,2,25,1.08,1,0,36.2,1,Suburb,167611.0
1763.0,4,3,4,1.05,0,1,31.0,7,Suburb,256352.0
2000.0,4,3,21,1.28,1,0,32.8,4,Downtown,361834.0
688.0,5,2,14,0.24,0,0,41.1,7,Downtown,156462.0
924.0,3,3,12,0.6,1,0,59.0,5,Downtown,194339.0
2283.0,1,3,27,8.63,1,1,76.2,7,Downtown,348368.0
1911.0,3,1,32,4.52,1,0,54.1,10,Rural,167077.0
1680.0,2,1,42,11.54,0,0,36.3,7,Suburb,153191.0
1812.0,3,1,22,39.25,2,1,80.8,4,Suburb,146342.0
2026.0,4,1,32,8.61,1,1,8.6,2,Rural,209210.0
1449.0,1,3,42,0.41,1,1,63.5,8,Suburb,169067.0
1294.0,3,2,17,0.88,0,1,29.5,2,Rural,126288.0
1927.0,1,3,49,17.03,1,1,49.0,9,Rural,180163.0
1164.0,1,3,52,6.0,1,1,61.3,5,Suburb,98915.0
2065.0,2,3,29,13.94,1,0,17.9,9,Rural,186703.0
693.0,2,2,25,15.54,1,0,52.8,9,Suburb,80754.0
2469.0,4,1,15,21.01,2,0,54.4,8,Downtown,409449.0
2107.0,5,3,12,23.94,2,0,79.2,8,Suburb,249805.0
1966.0,1,3,38,6.47,1,0,100.0,4,Suburb,167094.0
2439.0,5,1,32,3.34,1,0,18.9,4,Rural,257567.0
2883.0,4,3,25,26.13,1,1,78.3,2,Suburb,300707.0
2459.0,1,2,47,6.34,2,0,49.2,4,Suburb,237984.0
603.0,1,3,0,0.53,2,0,33.8,4,Downtown,142372.0
968.0,5,3,48,8.24,0,1,57.4,6,Suburb,128631.0
1394.0,3,1,37,7.09,0,0,24.0,3,Downtown,200937.0
1817.0,2,3,1,18.09,1,0,25.1,2,Suburb,229967.0
2136.0,3,3,48,8.47,1,0,15.3,8,Rural,187009.0
1328.0,5,2,5,3.43,2,1,60.9,2,Downtown,266176.0
1921.0,2,1,45,27.1,1,0,56.5,8,Suburb,160159.0
1309.0,3,1,49,12.94,1,1,33.7,7,Downtown,198089.0
1403.0,2,2,37,7.96,2,0,80.5,3,Downtown,179960.0
886.0,1,3,41,2.77,2,0,36.7,6,Suburb,104657.0
1200.0,3,1,23,3.74,2,0,75.7,6,Downtown,165446.0
921.0,2,1,17,8.87,2,1,52.4,10,Suburb,111620.0
1166.0,2,3,26,0.6,0,1,36.5,5,Downtown,232744.0
2485.0,2,3,40,2.37,2,1,47.7,8,Downtown,411034.0
1183.0,3,1,7,10.01,2,1,24.9,5,Suburb,184152.0
3511.0,4,3,27,5.23,1,0,54.3,7,Suburb,441353.0
2121.0,3,1,9,4.12,1,1,50.6,6,Downtown,357316.0
1920.0,5,3,16,1.31,1,0,60.5,7,Suburb,260726.0
1242.0,3,3,54,4.67,0,1,67.6,9,Rural,128923.0
2255.0,2,2,28,11.78,2,0,52.3,3,Suburb,298709.0
1426.0,1,3,57,2.45,2,0,20.5,10,Downtown,238021.0
1879.0,3,2,5,0.2,0,0,68.6,7,Suburb,237733.0
3464.0,3,3,13,8.83,2,0,50.3,10,Suburb,427986.0
1738.0,2,1,21,28.79,1,0,12.1,3,Downtown,215764.0
2547.0,1,1,53,7.47,0,1,56.2,2,Rural,168661.0
1343.0,1,3,5,1.02,2,0,57.7,7,Rural,131698.0
1777.0,5,3,25,3.09,0,0,42.8,4,Rural,175442.0
2951.0,3,1,38,16.18,0,1,46.0,1,Rural,242124.0
1392.0,1,3,11,2.12,2,0,38.1,6,Suburb,194476.0
2978.0,1,2,34,7.49,1,1,58.3,6,Suburb,347149.0
2260.0,4,2,13,4.12,2,0,52.8,6,Suburb,290432.0
1434.0,4,2,21,1.86,2,1,31.8,2,Rural,149186.0
2211.0,1,2,50,13.43,1,0,82.4,1,Suburb,174305.0
2432.0,5,2,22,10.86,2,0,36.7,3,Suburb,288752.0
2204.0,1,3,47,8.67,2,0,0.0,2,Suburb,223589.0
779.0,2,3,6,2.16,2,0,40.6,6,Rural,86364.0
1327.0,3,2,39,0.82,0,1,70.6,6,Downtown,162013.0
1639.0,5,3,49,6.87,0,0,45.9,5,Suburb,175778.0
1752.0,2,3,24,6.45,0,0,17.3,10,Rural,190076.0
2203.0,5,2,12,1.67,2,0,29.4,10,Suburb,338147.0
1916.0,2,3,20,0.46,1,1,28.4,5,Rural,195424.0
932.0,3,3,40,0.67,0,0,38.5,9,Suburb,147445.0
2047.0,3,3,9,39.44,1,1,44.8,5,Downtown,293552.0
2197.0,4,2,52,12.24,2,0,59.9,10,Rural,202629.0
2164.0,2,3,54,20.41,0,0,52.6,6,Downtown,267224.0
2503.0,4,1,58,1.74,2,0,53.5,4,Suburb,281542.0
2342.0,2,1,8,25.87,1,1,85.6,10,Suburb,259999.0
2098.0,4,2,14,1.23,0,1,67.2,1,Downtown,343366.0
1754.0,3,1,51,5.69,0,0,65.5,4,Suburb,157015.0
720.0,5,2,1,14.16,0,0,13.7,2,Suburb,120851.0
2079.0,4,1,24,3.44,0,1,35.0,10,Suburb,292729.0
1935.0,2,1,12,4.42,1,0,18.1,3,Rural,160735.0
1977.0,2,1,33,1.1,0,0,34.6,7,Downtown,330066.0
970.0,3,2,50,1.05,2,0,65.9,7,Downtown,122268.0
1097.0,2,2,57,7.73,0,0,42.1,1,Suburb,62334.0
2485.0,1,3,33,9.0,1,0,71.4,8,Suburb,278699.0
1774.0,5,2,34,12.02,0,0,63.9,7,Rural,163448.0
2243.0,4,1,37,6.51,1,0,51.0,1,Downtown,330662.0
1818.0,5,1,2,8.3,1,1,71.9,8,Rural,192986.0
1819.0,3,2,41,0.2,2,0,77.3,2,Suburb,171698.0
2410.0,4,2,55,1.42,0,1,59.1,8,Suburb,277255.0
1465.0,4,2,58,33.55,0,0,54.6,3,Downtown,99466.0
1862.0,1,3,5,0.63,0,1,62.7,10,Suburb,239667.0
1500.0,3,1,54,9.09,2,0,21.9,7,Downtown,212877.0
1518.0,2,3,47,1.55,2,1,47.6,6,Downtown,248459.0
1599.0,1,3,48,10.09,1,0,49.5,5,Suburb,190179.0
1944.0,1,1,18,9.79,1,1,42.6,10,Rural,193548.0
1489.0,5,1,2,2.13,1,0,34.2,2,Suburb,178457.0
2616.0,5,2,17,2.51,2,0,70.0,2,Suburb,300137.0
1219.0,5,2,38,8.51,2,1,53.4,1,Suburb,120735.0
1679.0,1,3,8,3.96,2,0,55.2,9,Suburb,200831.0
1514.0,2,2,51,1.73,1,0,78.5,8,Rural,109095.0
2741.0,4,2,11,10.52,2,1,46.1,8,Suburb,371953.0
1928.0,5,1,4,1.34,1,0,42.2,1,Downtown,325379.0
2471.0,2,1,2,15.48,1,0,77.2,5,Downtown,364020.0
834.0,3,2,10,5.78,0,1,20.2,6,Suburb,140643.0
1974.0,5,1,56,0.89,0,0,51.0,2,Suburb,218960.0
2378.0,4,2,29,9.48,0,1,35.2,10,Downtown,427497.0
1853.0,3,1,3,5.86,1,0,55.9,5,Rural,179270.0
2493.0,3,1,4,2.83,0,1,61.4,6,Suburb,314836.0
1464.0,4,1,0,4.39,0,0,62.6,9,Suburb,190318.0
2716.0,5,1,26,2.83,0,1,70.5,10,Downtown,459167.0
3294.0,1,2,27,2.44,2,0,44.9,1,Suburb,354540.0
1564.0,4,3,28,1.43,1,0,46.2,10,Rural,193208.0
1510.0,4,1,17,3.6,0,1,60.5,3,Rural,113879.0
2745.0,4,2,11,2.31,2,0,67.8,9,Downtown,507498.0
2827.0,3,2,12,9.2,2,1,24.0,1,Downtown,460338.0
1460.0,2,1,40,9.21,2,1,56.3,1,Suburb,146140.0
1527.0,1,3,1,5.57,0,0,42.1,1,Suburb,193288.0
1617.0,5,1,36,12.04,2,1,51.7,7,Suburb,220797.0
926.0,5,2,44,14.73,1,0,42.9,5,Rural,59919.0
1203.0,2,3,15,6.94,2,0,35.5,6,Suburb,169579.0
1147.0,4,2,47,7.72,2,0,29.6,8,Downtown,196220.0
1301.0,1,1,23,2.66,2,1,47.0,2,Rural,93376.0
1777.0,5,3,34,18.02,2,0,57.2,2,Downtown,267098.0
1952.0,5,2,21,0.2,1,1,37.9,3,Rural,213437.0
2808.0,4,2,35,3.43,0,0,73.8,3,Suburb,303090.0
1151.0,2,2,10,10.24,1,1,99.2,3,Rural,84643.0
2440.0,1,1,54,0.67,1,0,58.3,4,Downtown,314728.0
1661.0,2,3,57,1.62,0,1,49.2,3,Downtown,212604.0
1768.0,2,1,45,7.12,2,0,31.8,2,Suburb,177045.0
2239.0,1,1,28,6.57,0,0,57.4,9,Suburb,245177.0
1070.0,1,1,34,10.74,0,0,79.5,6,Suburb,82003.0
2049.0,5,3,47,13.4,1,1,89.0,3,Rural,140266.0
1908.0,5,1,53,1.1,0,0,77.9,9,Rural,193538.0
2120.0,1,1,14,0.2,2,1,66.9,4,Suburb,221507.0
1988.0,3,1,59,9.36,1,0,58.2,4,Downtown,256536.0
3396.0,5,1,30,2.87,2,1,29.0,8,Suburb,449517.0
1385.0,3,2,41,7.87,1,0,48.0,7,Suburb,148026.0
1455.0,1,1,40,1.31,2,0,45.7,7,Suburb,158588.0
1395.0,5,2,42,5.06,0,0,48.1,10,Rural,148920.0
1439.0,2,1,15,5.62,0,0,35.6,7,Downtown,254577.0
1386.0,1,3,9,7.04,0,0,65.2,10,Downtown,232357.0
2573.0,4,2,48,5.76,2,1,44.5,5,Downtown,425085.0
2723.0,3,2,31,5.48,1,1,42.9,7,Suburb,320991.0
1429.0,1,2,50,3.24,1,1,35.7,4,Suburb,145455.0
1259.0,1,2,1,0.59,1,0,54.6,8,Suburb,179418.0
2106.0,5,3,23,0.75,0,0,79.9,9,Downtown,339683.0
1441.0,5,1,22,4.55,2,1,49.8,3,Downtown,259636.0
2211.0,5,2,1,3.52,1,0,55.6,7,Downtown,417072.0
1932.0,4,3,37,5.81,2,1,88.7,10,Suburb,262641.0
815.0,5,2,30,2.91,1,0,74.1,9,Downtown,157713.0
2806.0,1,1,50,9.32,0,1,61.8,1,Downtown,365864.0
2967.0,5,2,39,15.96,2,0,60.9,2,Rural,243797.0
1402.0,2,3,25,2.84,1,1,37.9,7,Suburb,202159.0
1548.0,5,1,28,1.72,1,0,36.0,2,Suburb,203831.0
1986.0,4,3,2,0.99,1,1,52.8,7,Downtown,376381.0
2017.0,2,1,57,7.66,1,0,53.3,1,Suburb,182958.0
2228.0,1,1,13,4.69,0,1,33.0,3,Suburb,279557.0
3107.0,1,1,24,1.67,1,1,64.1,5,Downtown,495704.0
1685.0,3,2,47,8.47,1,0,44.5,6,Downtown,250862.0
1281.0,2,3,0,1.29,0,0,72.5,9,Rural,138532.0
903.0,3,3,52,6.46,1,0,48.9,9,Rural,92909.0
1325.0,2,3,2,5.99,2,0,47.1,3,Downtown,220418.0
1778.0,2,1,53,10.6,2,0,31.3,8,Suburb,202179.0
2966.0,4,2,25,0.45,1,0,33.4,4,Rural,253734.0
1464.0,3,1,17,17.5,0,0,76.4,7,Downtown,210381.0
1945.0,4,3,8,9.71,0,1,55.4,6,Suburb,253689.0
1789.0,2,2,37,1.95,0,1,57.8,8,Rural,156822.0
2572.0,1,2,22,1.62,1,0,82.0,6,Rural,206361.0
3443.0,2,2,20,4.52,1,1,23.6,4,Suburb,429516.0
1455.0,4,3,56,13.61,2,1,63.4,2,Downtown,193804.0
1482.0,3,2,0,14.81,0,0,18.2,7,Downtown,293011.0
2479.0,3,2,20,5.88,1,0,41.2,4,Rural,246651.0
2243.0,4,1,26,15.78,1,0,27.1,9,Rural,214377.0
3000.0,3,1,41,0.2,1,1,67.2,9,Suburb,335616.0
2180.0,5,2,58,0.29,0,1,12.2,7,Suburb,308178.0
1566.0,1,2,5,19.43,0,0,45.4,5,Suburb,145016.0
2184.0,1,1,54,11.95,2,1,26.8,3,Suburb,216125.0
2521.0,1,1,43,4.79,0,0,32.9,3,Rural,189780.0
2333.0,3,1,35,11.21,1,0,36.0,9,Suburb,281269.0
2130.0,3,3,27,24.92,2,1,76.4,9,Suburb,224101.0
2493.0,2,3,44,11.83,0,1,43.3,4,Downtown,348704.0
2560.0,2,1,16,14.78,0,0,84.5,1,Suburb,245584.0
2698.0,1,2,58,11.44,0,0,88.7,10,Suburb,249247.0
2222.0,5,1,39,1.47,0,1,92.3,5,Downtown,353540.0
1691.0,2,3,57,14.35,1,0,48.8,8,Rural,120625.0
1895.0,2,2,51,1.74,0,1,54.2,10,Suburb,205990.0
2584.0,3,3,2,17.85,1,0,57.6,4,Rural,257575.0
1269.0,5,2,11,4.91,1,0,42.7,10,Downtown,285722.0
2040.0,1,3,38,9.04,1,0,58.5,10,Suburb,273658.0
1544.0,2,2,11,5.5,2,0,31.3,4,Downtown,244392.0
1819.0,5,2,1,0.79,1,1,12.5,9,Rural,234614.0
2631.0,5,2,55,2.75,0,0,64.3,9,Downtown,427846.0
1924.0,1,2,45,32.95,2,0,43.0,7,Suburb,173598.0
1830.0,5,3,21,25.9,0,0,30.5,10,Suburb,236169.0
916.0,5,3,22,3.09,1,0,33.0,8,Suburb,179382.0
2285.0,5,2,29,44.79,0,1,80.3,4,Rural,162804.0
2220.0,2,2,4,14.94,2,1,59.3,8,Rural,185984.0
3206.0,1,3,8,7.55,2,0,19.6,6,Downtown,546498.0
1600.0,5,2,20,0.33,0,1,26.3,3,Downtown,291347.0
1942.0,5,2,10,18.54,0,1,44.2,7,Downtown,344850.0
1962.0,2,2,4,6.52,0,1,59.5,3,Downtown,329260.0
2825.0,1,1,34,16.23,2,0,34.1,7,Rural,231036.0
1738.0,3,2,26,14.39,1,0,46.5,5,Rural,143700.0
1981.0,2,1,48,14.32,0,0,52.3,4,Downtown,227925.0
2195.0,1,2,1,9.58,1,1,52.7,3,Suburb,271938.0
1921.0,5,3,23,2.76,2,1,2.1,8,Suburb,329953.0
1510.0,1,1,30,3.28,0,0,54.4,4,Downtown,197426.0
1926.0,1,1,32,2.95,0,0,15.3,8,Suburb,258407.0
2498.0,1,2,38,0.2,2,0,44.3,10,Suburb,300519.0
1133.0,3,2,29,6.99,0,0,40.0,3,Suburb,102410.0
1886.0,1,1,45,9.6,1,1,28.4,10,Suburb,232481.0
1345.0,3,3,36,15.39,2,0,66.9,9,Suburb,152356.0
2577.0,5,3,50,1.21,2,0,27.5,6,Downtown,447432.0
810.0,3,2,27,6.29,0,1,39.5,5,Rural,78204.0
1437.0,5,3,59,0.2,2,0,67.6,5,Suburb,142694.0
2045.0,5,3,30,0.8,0,1,39.0,3,Rural,176910.0
2818.0,3,2,10,0.45,0,0,34.8,2,Suburb,352933.0
1757.0,2,3,22,10.34,2,0,44.6,6,Rural,169098.0
1439.0,4,2,56,0.68,0,0,60.8,1,Rural,120503.0
3023.0,1,1,1,10.08,1,1,78.9,7,Suburb,366650.0
859.0,4,2,39,2.3,1,0,31.3,5,Suburb,124273.0
400.0,1,1,40,16.81,0,0,32.9,4,Rural,30000.0
2086.0,1,1,26,13.42,1,1,44.5,9,Suburb,249456.0
1474.0,5,3,34,25.33,0,0,54.6,10,Rural,124951.0
1136.0,1,3,1,17.22,1,0,34.6,1,Suburb,137547.0
2260.0,1,3,38,21.66,2,0,63.8,4,Suburb,231427.0
1958.0,3,2,36,15.66,0,0,31.7,3,Downtown,280869.0
1433.0,4,3,20,9.46,0,1,12.0,6,Downtown,270398.0
968.0,3,1,57,1.49,0,1,60.6,5,Rural,35635.0
2367.0,1,3,4,2.54,0,1,63.0,7,Suburb,312512.0
2223.0,5,3,51,1.91,0,1,70.9,1,Downtown,337133.0
1736.0,3,2,44,7.4,0,0,10.2,5,Suburb,216750.0
3000.0,3,2,20,5.6,2,1,36.7,2,Suburb,385816.0
1104.0,2,1,28,16.14,2,0,45.0,2,Downtown,116290.0
808.0,1,2,19,24.41,1,0,85.1,2,Downtown,30000.0
1350.0,5,3,37,4.15,0,0,46.8,9,Suburb,196152.0
1770.0,3,2,19,5.65,1,0,23.1,10,Downtown,360908.0
1958.0,3,1,49,28.47,1,1,55.9,3,Suburb,173896.0
1643.0,5,3,24,2.59,2,0,76.2,4,Suburb,187695.0
2029.0,1,1,1,12.58,1,0,71.9,5,Rural,168262.0
986.0,2,2,56,2.04,2,0,61.2,4,Rural,44761.0
2738.0,3,2,31,9.15,1,0,55.3,4,Suburb,287698.0
1747.0,2,1,25,2.34,0,0,4.6,5,Suburb,222680.0
2526.0,4,3,5,17.21,1,1,50.5,10,Suburb,346956.0
2023.0,1,2,40,6.59,2,0,53.6,9,Suburb,229223.0
2097.0,4,2,56,1.65,2,1,46.8,9,Suburb,274249.0
2170.0,4,3,2,2.03,2,0,64.1,6,Rural,213972.0
2091.0,4,2,32,5.45,1,0,46.5,3,Suburb,248347.0
2218.0,1,1,0,26.08,1,1,42.6,6,Rural,181298.0
2664.0,1,2,50,11.74,2,1,70.8,10,Downtown,389869.0
1928.0,5,2,4,5.36,0,0,41.7,4,Downtown,358605.0
2261.0,2,3,12,3.3,0,1,51.3,3,Rural,224231.0
1742.0,2,1,18,6.38,1,1,68.0,6,Suburb,204852.0
2736.0,5,3,11,11.04,1,1,29.8,6,Suburb,387360.0
1360.0,5,2,47,12.26,2,1,27.6,2,Suburb,163139.0
2971.0,4,2,24,3.14,1,1,77.2,9,Downtown,514737.0
1774.0,5,3,56,10.22,1,0,38.1,8,Suburb,234762.0
870.0,3,3,50,8.58,2,1,63.8,6,Downtown,151338.0
1883.0,2,3,34,25.58,2,0,14.5,1,Suburb,214495.0
1357.0,5,1,11,21.4,1,1,0.0,2,Suburb,186052.0
2346.0,3,2,29,12.46,0,0,57.3,4,Rural,207975.0
1376.0,3,3,4,10.28,1,0,47.4,7,Suburb,200839.0
1510.0,3,2,33,2.56,0,0,57.5,9,Downtown,240873.0
572.0,3,1,21,14.96,0,0,87.5,10,Suburb,53215.0
1506.0,4,1,38,4.46,0,0,25.3,5,Downtown,229681.0
400.0,3,1,12,2.54,2,0,50.8,10,Downtown,120418.0
770.0,4,1,56,3.88,2,1,79.5,2,Downtown,95814.0
2294.0,4,2,46,14.46,2,1,28.1,1,Suburb,272678.0
2311.0,3,1,53,1.29,1,0,38.3,10,Downtown,395515.0
2077.0,2,1,2,4.87,2,1,14.7,1,Suburb,268611.0
1171.0,3,3,59,5.42,2,0,94.8,5,Rural,78078.0
1769.0,3,1,52,0.3,1,0,5.9,7,Suburb,234958.0
1798.0,3,3,19,1.74,1,1,66.0,9,Downtown,328092.0
1047.0,2,1,30,14.02,0,1,23.6,9,Downtown,183662.0
2777.0,1,1,4,14.21,1,0,29.0,8,Suburb,348778.0
2370.0,1,3,23,2.77,1,0,71.3,1,Rural,199284.0
1656.0,4,1,39,16.63,2,0,35.1,5,Downtown,235151.0
1817.0,4,2,53,11.82,0,0,63.0,6,Rural,156276.0
1935.0,2,2,32,4.33,0,0,77.6,6,Suburb,209160.0
473.0,5,1,7,11.04,1,1,54.0,4,Suburb,73705.0
1639.0,1,2,23,26.02,2,1,67.8,1,Rural,101576.0
1357.0,4,3,49,4.91,2,1,51.6,3,Suburb,158783.0
1149.0,1,1,19,2.18,2,0,52.5,10,Rural,100052.0
1617.0,2,1,59,22.75,2,1,37.3,4,Suburb,157301.0
2968.0,2,3,15,7.41,1,0,88.6,4,Suburb,347912.0
2217.0,5,3,49,0.89,2,0,64.9,4,Suburb,281092.0
1429.0,5,3,51,6.8,0,0,60.4,5,Suburb,179782.0
2172.0,2,1,11,5.55,0,1,65.4,9,Suburb,271033.0
2710.0,4,3,12,15.48,1,1,36.5,4,Downtown,443960.0
2401.0,1,3,44,6.05,2,0,68.6,9,Downtown,374300.0
1839.0,3,2,41,2.36,2,0,81.1,9,Suburb,222419.0
1379.0,5,2,38,9.01,2,0,22.4,1,Suburb,193704.0
2254.0,3,1,24,6.26,2,1,60.8,5,Rural,218714.0
2056.0,4,2,45,2.12,1,0,51.3,9,Suburb,259264.0
2382.0,5,2,31,6.82,2,0,39.6,4,Suburb,299761.0
2213.0,3,3,23,13.79,1,1,28.1,5,Downtown,394785.0
2482.0,4,3,47,0.23,2,0,71.0,4,Rural,176621.0
1452.0,1,2,46,7.97,2,0,54.2,2,Suburb,130018.0
2656.0,4,2,43,3.44,0,0,45.9,10,Suburb,345565.0
1928.0,5,2,8,2.77,1,1,60.8,2,Suburb,253734.0
3149.0,2,1,39,3.99,0,0,47.5,2,Downtown,450996.0
1352.0,1,1,49,3.35,1,1,35.9,1,Suburb,125992.0
2928.0,3,1,22,14.28,2,1,52.6,3,Rural,273468.0
1929.0,5,2,49,2.57,2,0,49.4,10,Downtown,352119.0
1377.0,2,2,12,10.57,1,0,14.5,1,Suburb,156671.0
1485.0,4,1,59,0.79,0,0,37.4,4,Rural,134899.0
1592.0,2,1,58,24.19,1,0,24.7,1,Suburb,139872.0
2076.0,5,2,31,7.79,1,1,17.0,4,Rural,197378.0
2140.0,5,3,49,9.81,2,1,59.4,3,Rural,228990.0
1427.0,2,1,14,2.83,0,0,36.6,9,Suburb,190420.0
1784.0,4,2,35,4.25,1,0,70.8,1,Downtown,266311.0
3192.0,2,2,48,2.03,0,0,13.4,8,Suburb,399712.0
2923.0,5,3,4,21.57,0,0,44.0,9,Downtown,505726.0
2084.0,5,2,21,5.36,1,0,37.7,7,Rural,207344.0
1825.0,3,2,15,7.96,0,0,18.4,1,Rural,167856.0
1878.0,3,1,40,10.6,2,1,50.1,4,Suburb,178347.0
2199.0,1,1,9,3.71,2,0,20.2,10,Suburb,314392.0
1135.0,5,3,23,10.19,2,0,54.5,1,Downtown,159983.0
1633.0,3,3,17,9.02,2,1,64.4,4,Suburb,203672.0
715.0,2,2,48,9.78,0,0,55.4,3,Suburb,30000.0
2059.0,4,1,17,5.37,2,0,57.9,2,Rural,192470.0
2221.0,2,3,6,3.86,1,0,70.6,1,Suburb,222850.0
1486.0,4,3,3,2.01,2,0,49.5,6,Rural,145256.0
2823.0,3,3,25,13.93,1,1,33.5,7,Suburb,348342.0
1003.0,1,2,4,7.5,1,1,37.8,6,Suburb,146632.0
848.0,2,1,59,4.7,2,1,38.3,9,Suburb,97000.0
1946.0,2,3,54,23.06,2,1,29.1,9,Rural,180634.0
2481.0,2,1,15,0.39,0,0,65.7,2,Suburb,275793.0
2895.0,4,3,34,15.19,1,1,60.5,2,Suburb,327378.0
1502.0,3,3,25,48.2,2,1,16.7,9,Downtown,213948.0
2501.0,2,1,17,17.44,0,0,33.5,1,Downtown,353852.0
1775.0,2,1,28,13.3,2,0,28.2,5,Suburb,202651.0
1688.0,1,1,22,3.75,2,0,56.3,1,Downtown,200434.0
2374.0,1,2,52,2.1,2,0,71.5,7,Downtown,324215.0
2224.0,3,3,13,10.62,1,0,59.0,9,Suburb,293824.0
775.0,3,2,14,2.91,2,1,36.0,6,Downtown,180213.0
2760.0,5,1,48,1.55,0,1,43.6,2,Rural,236561.0
2697.0,1,3,32,12.35,2,0,22.1,6,Suburb,313919.0
1393.0,5,2,24,3.0,2,0,23.7,9,Suburb,198760.0
2057.0,4,3,20,19.67,0,1,66.9,3,Downtown,275463.0
2121.0,5,2,16,14.69,0,1,78.9,9,Suburb,261166.0
1969.0,2,1,22,15.05,1,0,35.7,8,Suburb,253866.0
1442.0,5,2,56,11.81,1,1,51.0,7,Rural,125339.0
1363.0,3,3,42,17.02,1,1,64.4,8,Suburb,162956.0
1783.0,4,3,16,13.11,1,1,16.7,10,Downtown,349428.0
2562.0,2,3,57,7.38,0,0,29.0,6,Suburb,289933.0
2153.0,5,3,13,2.81,2,0,89.9,3,Downtown,352012.0
1559.0,4,1,28,17.53,2,1,30.8,7,Rural,138934.0
2302.0,4,2,19,14.69,2,0,42.8,4,Rural,222217.0
400.0,2,1,29,5.12,1,1,37.9,10,Suburb,63645.0
2547.0,5,1,18,0.32,0,0,10.1,5,Suburb,328080.0
669.0,4,1,52,8.14,0,0,51.7,8,Rural,46694.0
1564.0,4,3,38,0.42,0,0,49.5,7,Suburb,190467.0
1072.0,1,3,55,20.86,2,0,53.6,7,Suburb,58041.0
958.0,4,3,12,26.08,1,1,48.3,8,Rural,82647.0
2555.0,1,2,17,1.68,0,0,40.8,10,Suburb,354930.0
1496.0,5,3,22,9.03,1,1,39.7,3,Suburb,222574.0
2025.0,5,2,45,0.77,0,1,40.0,3,Rural,156058.0
1770.0,5,3,32,10.46,1,0,30.2,2,Suburb,217888.0
2110.0,3,3,38,3.41,0,1,33.3,1,Suburb,245163.0
1850.0,5,1,39,9.14,1,0,30.6,10,Downtown,327897.0
966.0,4,1,17,3.73,0,1,61.5,6,Suburb,117188.0
2448.0,2,1,8,1.26,0,0,56.1,6,Downtown,412085.0
1479.0,1,2,32,4.17,1,0,50.5,10,Suburb,191249.0
788.0,3,2,31,0.96,1,0,88.8,8,Suburb,100680.0
1522.0,5,3,53,6.88,2,1,31.5,6,Rural,158472.0
2775.0,5,2,16,0.33,1,1,72.4,6,Suburb,371862.0
2353.0,2,3,18,5.99,0,0,44.8,1,Suburb,263078.0
1573.0,2,2,26,17.4,0,0,53.1,7,Suburb,139775.0
1573.0,3,2,5,14.56,1,0,63.4,7,Rural,120988.0
1591.0,1,2,34,17.15,2,1,40.4,10,Suburb,174543.0
3150.0,5,1,55,20.41,1,0,28.9,9,Suburb,364538.0
2048.0,3,2,36,0.88,0,1,32.2,7,Downtown,336839.0
2080.0,4,1,33,1.1,0,0,7.9,8,Suburb,266517.0
2470.0,4,1,19,6.51,2,0,62.1,4,Suburb,290534.0
1955.0,3,2,24,17.95,1,1,61.7,9,Suburb,246066.0
1632.0,5,3,3,29.31,0,1,81.7,1,Rural,131864.0
1672.0,3,3,9,0.38,0,1,58.3,8,Rural,165575.0
1753.0,5,3,9,3.52,0,0,63.1,3,Rural,172578.0
1776.0,2,2,23,1.92,1,1,48.4,1,Suburb,184573.0
2273.0,3,3,20,11.28,1,0,59.3,2,Rural,179986.0
1834.0,5,1,10,8.18,2,1,71.8,6,Rural,157175.0
2276.0,3,3,26,1.02,0,0,53.6,5,Downtown,381781.0
1748.0,3,2,15,5.29,0,0,39.6,3,Suburb,208288.0
1851.0,5,3,25,9.25,2,0,45.6,9,Downtown,351870.0
501.0,5,1,29,12.08,0,0,65.0,8,Downtown,86208.0
2396.0,1,2,48,0.2,2,0,40.2,3,Downtown,338564.0
2025.0,3,3,15,17.69,2,1,67.8,2,Downtown,316581.0
2449.0,4,2,6,6.74,0,1,88.2,8,Suburb,338208.0
400.0,3,2,15,13.37,1,1,68.0,5,Suburb,30000.0
3157.0,3,2,34,13.2,1,0,64.9,9,Suburb,343083.0
1709.0,5,3,57,1.68,1,0,57.0,1,Suburb,165246.0
2520.0,3,2,15,0.93,1,1,34.5,10,Rural,271974.0
1124.0,3,3,39,10.22,0,0,32.6,3,Rural,115345.0
2198.0,4,1,11,1.36,2,0,32.4,5,Suburb,325966.0
1115.0,5,3,34,15.17,2,1,61.1,2,Suburb,139490.0
1395.0,3,1,48,10.36,0,0,42.2,3,Suburb,138465.0
3044.0,2,3,20,14.75,1,0,49.4,4,Downtown,480162.0
1676.0,1,2,49,2.84,2,1,58.4,4,Downtown,241375.0
1941.0,4,3,42,3.05,0,0,33.2,9,Suburb,261233.0
2366.0,3,2,35,8.9,0,1,40.0,1,Rural,184533.0
2122.0,2,1,47,0.26,1,0,56.5,9,Downtown,351194.0
1898.0,3,3,16,10.37,0,1,44.2,9,Downtown,365990.0
2037.0,3,2,31,14.45,2,0,46.1,6,Downtown,308643.0
3362.0,5,1,40,4.29,2,1,29.3,1,Suburb,420148.0
1763.0,5,1,5,11.58,0,0,46.3,6,Suburb,253759.0
1931.0,5,3,23,1.54,2,1,83.0,8,Suburb,272137.0
2483.0,2,1,26,3.11,0,0,41.1,5,Downtown,384693.0
2519.0,3,2,19,29.29,2,0,27.1,5,Suburb,312404.0
2572.0,1,1,24,34.34,1,1,69.2,1,Downtown,306205.0
2215.0,4,1,1,5.75,2,0,60.5,1,Suburb,262598.0
1057.0,5,2,8,21.78,1,0,54.3,8,Downtown,176375.0
2862.0,5,1,27,5.92,1,0,23.6,5,Suburb,323089.0
1055.0,3,1,52,2.76,0,0,26.5,8,Suburb,151365.0
1997.0,3,1,37,2.48,1,0,19.3,10,Suburb,253475.0
1310.0,2,1,2,21.22,2,0,58.6,2,Suburb,142821.0
1758.0,2,2,19,1.51,2,0,70.4,4,Suburb,189582.0
2014.0,5,1,5,6.93,1,1,59.3,10,Downtown,392871.0
2009.0,3,2,38,6.49,0,0,89.0,9,Suburb,222483.0
2074.0,1,1,32,10.76,1,0,41.2,3,Suburb,191678.0
2849.0,4,1,54,5.53,2,1,43.5,6,Suburb,352209.0
2095.0,3,1,0,2.54,2,1,52.1,7,Suburb,288309.0
1641.0,3,1,36,1.48,1,0,45.4,3,Rural,144852.0
2427.0,2,2,5,7.76,1,0,60.0,1,Suburb,297895.0
2573.0,4,2,44,10.15,1,1,37.2,2,Downtown,410184.0
1002.0,5,2,33,6.74,2,0,22.1,10,Suburb,167747.0
2188.0,3,3,46,10.73,2,0,14.2,7,Downtown,402544.0
2256.0,5,1,14,1.22,2,0,59.6,7,Suburb,303824.0
1607.0,3,1,44,17.13,0,1,39.5,1,Suburb,146205.0
2694.0,5,2,25,6.99,2,0,26.6,10,Downtown,505633.0
1702.0,4,3,56,1.09,2,1,37.6,7,Rural,150138.0
1882.0,2,1,13,4.96,0,1,89.1,10,Suburb,202191.0
1688.0,4,2,57,14.9,0,0,27.8,6,Suburb,171862.0
1810.0,1,1,53,18.23,0,1,64.5,6,Downtown,185197.0
1087.0,2,1,6,2.46,0,0,58.4,7,Suburb,132183.0
864.0,4,2,45,9.94,0,0,76.8,7,Rural,68021.0
2836.0,1,2,57,0.84,0,0,47.5,1,Suburb,277148.0
1249.0,3,1,30,0.27,1,0,18.8,10,Rural,142988.0
1156.0,3,1,23,6.58,1,0,69.9,5,Downtown,156029.0
400.0,5,2,58,9.5,1,0,45.0,8,Suburb,81766.0
1385.0,2,1,30,12.71,1,0,75.5,8,Suburb,156428.0
940.0,3,1,28,3.33,2,0,66.3,3,Suburb,91103.0
2867.0,2,2,41,0.2,0,0,69.9,3,Downtown,415734.0
2456.0,3,1,31,5.22,2,1,97.4,7,Suburb,255502.0
1353.0,5,1,16,0.2,0,0,55.6,4,Suburb,173024.0
3264.0,4,3,13,0.77,0,1,78.9,6,Suburb,403512.0
2438.0,5,2,39,3.16,2,0,41.9,9,Suburb,336733.0
1589.0,1,3,35,4.6,1,0,60.8,10,Suburb,172823.0
400.0,3,3,57,2.62,2,0,40.0,2,Suburb,53660.0
3289.0,1,3,47,6.98,2,0,59.6,2,Downtown,471761.0
897.0,1,1,23,0.46,0,0,57.5,6,Suburb,76691.0
730.0,2,1,44,1.25,0,0,8.8,3,Suburb,75394.0
2465.0,3,3,53,9.51,0,1,37.8,1,Rural,209158.0
3386.0,1,3,26,1.23,1,1,54.6,2,Downtown,540107.0
2700.0,4,3,24,8.17,2,0,4.9,7,Suburb,377558.0
2167.0,1,1,58,0.45,2,1,48.1,4,Suburb,238425.0
2187.0,4,3,31,4.19,1,0,70.2,2,Downtown,348547.0
2355.0,2,3,51,1.56,2,0,76.0,8,Suburb,277042.0
2293.0,1,2,17,0.93,2,1,34.4,4,Suburb,286757.0
1983.0,5,2,45,6.7,0,0,77.3,4,Downtown,277931.0
1868.0,2,1,17,21.09,1,0,74.2,2,Suburb,164591.0
1759.0,4,2,36,0.45,0,0,7.0,1,Rural,158951.0
1310.0,2,2,25,4.38,1,0,52.3,1,Rural,101884.0
1618.0,1,2,8,9.84,0,0,54.5,3,Downtown,231356.0
700.0,3,1,59,4.97,2,0,80.4,6,Suburb,63996.0
1736.0,3,2,34,13.14,1,0,55.7,7,Suburb,186011.0
1157.0,4,1,7,1.58,1,0,77.9,9,Suburb,147688.0
1083.0,4,3,19,25.67,0,1,34.4,5,Suburb,140370.0
1917.0,3,2,53,3.89,1,0,18.0,9,Suburb,243744.0
2705.0,4,1,41,3.34,2,1,37.0,8,Downtown,458743.0
2397.0,2,2,21,16.61,2,1,81.5,1,Rural,194649.0
779.0,5,3,18,6.64,2,1,68.5,3,Rural,80739.0
1157.0,5,1,29,5.81,0,1,96.4,8,Suburb,153985.0
2412.0,2,1,52,10.39,1,0,21.1,9,Suburb,263070.0
1161.0,5,1,27,6.94,0,0,70.8,4,Suburb,115453.0
1654.0,1,3,34,1.42,2,0,65.1,6,Suburb,188607.0
2158.0,2,3,42,8.97,1,1,44.3,4,Suburb,263437.0
1171.0,4,3,10,1.15,2,0,65.5,9,Rural,129127.0
1868.0,2,1,30,13.11,1,0,52.8,2,Downtown,249822.0
933.0,3,3,48,36.63,1,0,59.2,6,Downtown,49058.0
1409.0,4,2,47,3.79,0,1,63.6,3,Suburb,159692.0
2008.0,3,3,38,4.71,1,0,69.6,10,Suburb,235144.0
765.0,4,1,35,0.38,2,0,51.7,4,Suburb,101916.0
2086.0,5,2,29,0.2,1,0,85.5,2,Suburb,247685.0
1787.0,2,3,22,20.35,2,1,45.7,8,Rural,137561.0
2159.0,1,2,18,1.1,0,0,87.7,10,Suburb,251777.0
1946.0,4,2,11,4.72,2,0,27.4,8,Suburb,278432.0
2687.0,4,1,14,13.51,1,1,30.3,1,Downtown,446703.0
1881.0,3,2,30,17.61,2,0,31.5,10,Suburb,226362.0
1521.0,5,2,42,5.86,2,1,69.1,6,Suburb,178710.0
1879.0,3,1,36,6.66,1,0,33.9,1,Suburb,219792.0
2153.0,3,1,36,8.86,2,0,79.8,6,Downtown,325701.0
1832.0,5,1,14,26.03,1,1,39.5,7,Downtown,296237.0
1826.0,1,2,28,7.38,0,1,58.0,2,Suburb,210044.0
1344.0,3,2,49,6.56,2,0,62.8,9,Suburb,112895.0
1369.0,3,2,42,0.2,0,0,29.7,8,Suburb,179601.0
888.0,4,1,25,0.68,2,1,22.2,9,Suburb,141506.0
2937.0,5,3,43,6.89,2,0,55.7,10,Suburb,383614.0
991.0,2,2,1,22.02,0,1,44.5,4,Suburb,105449.0
1350.0,1,3,19,16.12,2,1,60.0,4,Suburb,128426.0
1333.0,1,1,14,32.4,2,0,23.1,8,Downtown,179169.0
2382.0,5,2,51,6.0,0,1,42.9,1,Suburb,256381.0
1608.0,4,3,3,12.41,2,0,46.4,8,Suburb,237012.0
2611.0,4,2,21,14.68,1,1,1.3,7,Suburb,370273.0
1362.0,5,2,49,8.35,2,0,69.9,7,Rural,145551.0
1981.0,4,2,37,3.31,2,1,34.9,9,Downtown,369480.0
1257.0,1,3,22,5.08,2,1,80.0,10,Rural,123308.0
3194.0,1,1,58,15.61,0,1,36.1,7,Suburb,352813.0
1028.0,2,2,25,2.84,1,1,39.6,2,Suburb,114134.0
2001.0,5,1,50,20.59,1,0,25.2,1,Rural,141393.0
2212.0,3,1,10,2.09,2,0,72.9,1,Rural,219383.0
2069.0,3,3,27,11.07,0,1,59.1,7,Suburb,246218.0
1680.0,2,3,55,7.97,0,1,78.0,5,Suburb,157557.0
1716.0,2,1,1,11.08,1,1,45.9,4,Suburb,186788.0
1828.0,4,2,58,4.6,0,1,49.2,5,Suburb,193960.0
1704.0,2,3,7,21.58,2,0,16.4,10,Downtown,352368.0
2427.0,2,2,28,8.01,2,0,37.5,10,Downtown,424713.0
3237.0,3,2,10,2.72,0,0,53.4,6,Rural,302040.0
1438.0,4,2,36,8.14,2,1,57.7,10,Downtown,283158.0
910.0,2,1,17,2.7,1,0,86.5,6,Downtown,95355.0
1743.0,2,2,54,2.78,2,1,13.0,1,Suburb,191333.0
3477.0,4,1,49,4.08,0,0,54.6,2,Downtown,547452.0
1278.0,5,1,13,15.31,1,0,42.5,3,Downtown,210076.0
2865.0,4,2,53,5.55,2,0,51.5,4,Suburb,326067.0
2891.0,3,2,9,9.09,1,0,52.1,6,Suburb,376583.0
1440.0,5,2,34,3.98,0,1,46.2,9,Suburb,222274.0
2170.0,1,2,8,2.45,2,0,27.3,2,Suburb,251583.0
2858.0,4,1,34,24.75,2,0,23.6,8,Suburb,347542.0
1554.0,3,2,10,7.4,1,0,44.7,9,Suburb,242840.0
1668.0,5,2,43,21.74,2,1,21.6,2,Suburb,183214.0
1422.0,4,1,11,1.82,2,1,47.7,9,Suburb,214768.0
1140.0,2,3,2,1.27,2,0,44.9,7,Rural,134069.0
1378.0,4,3,52,15.49,2,1,1.0,9,Suburb,208131.0
1004.0,1,1,38,9.14,0,0,88.7,6,Suburb,36007.0
1822.0,4,3,13,1.65,2,0,51.5,2,Downtown,279409.0
1300.0,5,1,55,2.51,1,1,1.3,8,Suburb,195157.0
1952.0,5,2,27,12.9,0,0,54.9,10,Downtown,354471.0
789.0,4,2,10,4.84,1,1,45.9,9,Suburb,138143.0
2015.0,5,3,38,8.88,1,0,23.6,8,Rural,197168.0
2342.0,2,2,24,3.07,1,1,56.2,2,Suburb,266600.0
504.0,4,3,20,3.84,0,0,31.2,8,Downtown,159009.0
2043.0,2,3,9,37.43,0,0,53.9,3,Suburb,184642.0
2598.0,2,2,42,2.28,0,1,36.0,3,Downtown,408103.0
1014.0,3,2,14,5.65,2,0,31.9,9,Suburb,146138.0
2887.0,4,3,18,14.88,1,0,49.7,9,Suburb,352536.0
2072.0,5,2,47,2.19,0,0,17.6,9,Downtown,391442.0
1342.0,2,1,21,4.29,1,0,48.3,4,Rural,136762.0
1764.0,3,2,20,7.64,0,0,63.1,7,Downtown,294548.0
2163.0,4,2,59,5.25,0,0,75.4,8,Rural,141188.0
1849.0,4,1,51,4.92,0,1,71.8,5,Downtown,250987.0
2150.0,1,2,43,3.6,1,0,77.1,1,Downtown,269102.0
1202.0,1,2,31,7.07,2,1,40.9,9,Downtown,208986.0
1910.0,2,3,49,7.83,0,0,29.5,6,Downtown,259640.0
881.0,1,2,22,8.47,0,0,66.3,3,Suburb,45977.0
1728.0,2,2,12,0.58,0,0,39.7,3,Suburb,199825.0
1212.0,5,1,4,7.98,2,0,50.1,10,Suburb,194841.0
1322.0,2,3,3,24.5,1,0,64.9,1,Downtown,137329.0
2603.0,1,3,27,6.23,1,0,90.4,8,Suburb,296521.0
2509.0,5,3,13,10.05,1,0,60.6,2,Suburb,307607.0
2196.0,1,2,7,6.51,1,0,54.1,1,Suburb,228341.0
1090.0,2,3,8,15.43,0,0,27.6,7,Suburb,148806.0
1594.0,3,1,56,21.23,2,0,73.4,9,Suburb,119448.0
2589.0,4,3,50,1.63,0,1,58.2,6,Downtown,416739.0
1892.0,1,1,34,4.59,2,0,43.1,8,Suburb,192718.0
3308.0,2,3,36,3.99,1,0,41.0,8,Suburb,380112.0
2056.0,5,3,20,4.16,2,0,41.9,9,Suburb,294516.0
1925.0,1,1,57,1.07,0,0,50.9,7,Downtown,245139.0
1599.0,1,3,17,13.44,0,0,20.8,9,Downtown,283780.0
1887.0,4,3,32,0.29,1,1,74.4,9,Suburb,250283.0
1701.0,2,3,7,6.01,0,1,70.7,1,Downtown,289864.0
2260.0,3,2,50,8.67,0,1,46.7,6,Downtown,336533.0
2422.0,5,1,48,1.86,2,1,41.9,8,Rural,186375.0
1289.0,2,3,16,18.9,0,0,49.5,10,Suburb,125701.0
935.0,5,1,42,14.59,1,0,52.9,9,Suburb,89781.0
606.0,1,1,30,5.1,1,1,44.0,4,Downtown,123309.0
2130.0,4,1,33,4.24,0,0,70.0,2,Rural,167134.0
1083.0,4,3,5,2.16,1,0,21.5,9,Downtown,287016.0
401.0,3,3,21,10.47,2,1,35.8,9,Suburb,102114.0
2053.0,4,1,13,1.13,2,1,65.5,8,Rural,191455.0
3420.0,1,2,2,9.12,0,0,56.5,3,Suburb,366184.0
1796.0,3,1,11,14.78,0,0,36.4,5,Rural,168338.0
2345.0,2,2,35,2.08,2,1,58.0,2,Suburb,231677.0
1853.0,4,1,11,16.1,1,1,34.1,3,Downtown,324950.0
1736.0,3,1,44,0.27,0,1,43.8,1,Downtown,245296.0
2397.0,1,1,1,19.52,0,1,70.9,4,Suburb,261231.0
1611.0,5,3,1,1.01,1,0,68.7,5,Downtown,318764.0
1974.0,5,2,14,8.3,0,0,55.8,2,Suburb,243697.0
2009.0,1,2,22,2.3,1,0,29.0,3,Downtown,322128.0
1366.0,1,1,28,14.49,1,0,42.4,6,Rural,105088.0
2445.0,5,3,16,5.74,1,1,51.9,6,Suburb,333896.0
1686.0,3,3,31,1.16,1,1,79.1,7,Suburb,186597.0
1309.0,5,2,6,6.77,1,0,14.4,9,Rural,163506.0
2149.0,1,3,29,4.19,2,0,32.6,4,Downtown,380745.0
1216.0,4,2,27,8.66,1,0,72.6,5,Suburb,138791.0
1818.0,2,2,13,17.09,2,1,77.2,2,Suburb,204678.0
1794.0,4,2,43,4.21,1,0,48.6,6,Downtown,274296.0
2506.0,4,3,29,2.74,0,0,80.8,4,Suburb,273023.0
2109.0,1,2,16,0.2,2,0,35.3,5,Suburb,249075.0
1784.0,5,2,31,6.84,0,0,19.8,7,Suburb,224019.0
2332.0,3,1,45,4.12,1,1,65.8,6,Suburb,235292.0
2704.0,4,2,5,3.76,1,0,75.9,8,Suburb,353265.0
2163.0,5,2,50,1.62,0,0,75.6,6,Suburb,237411.0
1807.0,3,1,23,4.5,1,0,32.7,10,Downtown,343507.0
947.0,4,1,5,33.31,0,0,54.0,8,Suburb,92170.0
1108.0,3,3,26,2.83,1,1,66.8,4,Rural,65353.0
1602.0,5,2,17,7.32,1,0,56.0,7,Rural,169625.0
1404.0,2,3,23,11.99,2,0,78.9,3,Suburb,107966.0
1678.0,5,3,36,11.06,0,1,41.9,1,Suburb,199498.0
1837.0,1,1,55,3.19,1,0,48.6,9,Rural,132416.0
2144.0,3,3,23,7.55,0,1,54.7,9,Suburb,280944.0
1754.0,2,2,37,16.4,2,0,66.7,6,Suburb,152956.0
2116.0,3,1,33,0.2,0,0,46.1,2,Downtown,327954.0
1842.0,3,2,39,4.58,2,1,68.5,8,Rural,167764.0
516.0,4,2,46,2.03,0,1,82.1,10,Suburb,54048.0
1189.0,1,1,14,3.94,0,0,39.6,6,Suburb,113023.0
1706.0,3,2,10,4.3,2,0,46.7,7,Downtown,344790.0
1014.0,5,1,21,10.98,1,0,69.4,1,Suburb,86052.0
2190.0,5,2,53,0.79,1,0,88.6,3,Suburb,233726.0
2795.0,4,1,23,5.75,1,0,62.7,1,Suburb,301210.0
2592.0,1,3,0,6.64,0,1,34.3,10,Downtown,533930.0
1661.0,1,2,17,5.45,0,0,54.0,1,Suburb,169736.0
2769.0,5,1,43,10.53,1,0,69.2,1,Downtown,383979.0
1897.0,2,2,11,3.87,0,0,33.7,4,Suburb,244723.0
1581.0,4,2,56,23.2,0,0,28.4,7,Downtown,226508.0
1401.0,4,2,42,5.26,1,1,43.1,7,Suburb,186525.0
1603.0,5,1,27,6.77,2,0,63.2,5,Downtown,259788.0
1548.0,5,3,39,13.97,0,0,22.6,6,Downtown,274044.0
1911.0,2,3,59,2.58,0,1,36.1,2,Downtown,267193.0
1904.0,2,3,6,0.63,0,0,55.5,5,Rural,181798.0
1802.0,1,1,22,9.84,0,0,71.8,7,Suburb,168807.0
2084.0,4,3,20,5.28,2,0,55.8,9,Suburb,264730.0
2574.0,4,1,33,18.15,1,1,57.5,6,Suburb,299904.0
2417.0,5,2,10,32.45,0,1,70.1,10,Suburb,298430.0
835.0,1,2,21,4.07,1,0,81.9,4,Rural,69699.0
400.0,4,3,41,4.3,0,0,79.7,3,Downtown,30000.0
2407.0,1,1,34,4.19,2,1,9.2,9,Downtown,419966.0
912.0,1,2,51,3.14,1,0,52.0,7,Rural,39301.0
1654.0,5,1,28,12.17,2,0,68.3,6,Suburb,193463.0
1039.0,1,1,41,11.38,0,1,84.0,7,Downtown,99037.0
629.0,2,2,27,5.21,2,0,62.8,8,Downtown,74815.0
2152.0,2,1,58,0.37,2,0,32.8,5,Downtown,337060.0
2293.0,3,2,17,2.96,0,1,35.5,3,Rural,206214.0
1425.0,5,2,13,2.77,0,0,36.0,3,Downtown,263780.0
400.0,3,2,17,13.33,1,0,56.2,2,Rural,30000.0
1445.0,2,1,27,0.73,0,0,40.4,8,Rural,133204.0
2055.0,3,2,23,13.11,1,0,0.0,1,Suburb,272252.0
839.0,5,1,7,8.85,2,0,26.4,8,Downtown,216266.0
1919.0,5,2,41,10.55,2,0,41.1,3,Downtown,304106.0
1790.0,1,2,53,4.53,1,1,22.8,9,Suburb,167860.0
2177.0,4,3,44,9.11,0,1,25.7,2,Suburb,272427.0
1878.0,1,3,52,7.51,0,0,91.0,10,Suburb,160953.0
1168.0,5,3,7,11.72,2,1,49.8,9,Suburb,210099.0
2578.0,2,1,3,4.74,1,1,42.3,6,Rural,256474.0
1697.0,2,1,26,5.12,2,1,63.3,1,Suburb,174562.0
1782.0,1,2,35,8.25,2,0,72.9,5,Suburb,190537.0
1193.0,5,2,4,0.92,0,1,94.8,10,Rural,143074.0
1512.0,2,2,32,4.59,1,0,84.1,9,Downtown,226706.0
1225.0,5,2,48,28.59,2,0,58.7,6,Downtown,125026.0
1688.0,2,1,33,0.31,0,0,19.3,7,Downtown,285103.0
2913.0,5,2,29,3.04,2,1,30.0,4,Downtown,502303.0
908.0,3,2,7,3.02,2,0,42.0,1,Suburb,106550.0
751.0,5,3,38,8.03,0,0,60.1,5,Suburb,80402.0
2756.0,5,2,46,0.89,0,1,51.9,2,Suburb,345829.0
1664.0,1,2,25,7.92,1,1,20.5,8,Rural,168205.0
1365.0,3,2,56,0.8,2,1,17.0,4,Downtown,237366.0
2476.0,4,1,36,0.8,1,0,55.2,1,Suburb,288964.0
1406.0,1,3,33,10.42,0,0,52.4,10,Downtown,200166.0
2987.0,4,2,6,3.13,0,1,45.8,7,Suburb,376200.0
2241.0,2,2,39,30.33,2,0,59.7,2,Suburb,172184.0
1483.0,4,3,27,0.3,1,1,74.9,3,Rural,140134.0
3202.0,5,2,38,4.71,1,0,56.2,9,Suburb,417082.0
1406.0,4,1,38,0.96,2,1,31.2,9,Downtown,290999.0
2282.0,1,2,27,3.46,2,0,88.3,2,Suburb,216940.0
1995.0,1,1,13,50.0,1,0,46.5,3,Downtown,230609.0
2646.0,4,1,52,17.57,0,1,51.0,9,Downtown,428591.0
2815.0,1,2,49,0.4,0,0,36.9,1,Suburb,304062.0
1821.0,1,3,37,6.63,2,0,28.5,2,Downtown,295210.0
1310.0,4,1,3,8.35,1,1,30.1,2,Suburb,195023.0
2099.0,3,3,41,1.88,1,0,25.7,10,Suburb,280264.0
1359.0,3,2,17,1.25,1,0,0.0,3,Suburb,188988.0
3109.0,2,1,43,18.78,0,0,46.9,10,Downtown,434872.0
1889.0,1,2,47,27.74,0,0,72.0,3,Rural,91959.0
1563.0,4,3,24,38.52,1,0,30.3,10,Suburb,181384.0
1920.0,1,2,6,12.48,1,1,100.0,2,Suburb,183070.0
924.0,5,2,37,8.71,2,1,77.7,8,Suburb,117229.0
1168.0,1,1,27,3.39,2,0,49.6,8,Suburb,102637.0
2580.0,1,2,4,1.5,1,0,27.8,8,Suburb,355795.0
1373.0,3,2,2,0.66,1,1,18.1,2,Suburb,220566.0
1120.0,4,2,43,9.46,0,1,47.7,9,Downtown,194326.0
2149.0,1,1,30,12.29,1,0,51.4,7,Suburb,211071.0
2571.0,3,3,46,14.01,2,1,45.9,5,Rural,228646.0
2267.0,2,3,41,19.61,0,1,71.4,7,Suburb,232277.0
2447.0,3,2,57,16.96,2,0,79.9,8,Downtown,340555.0
1308.0,3,1,19,50.0,2,0,59.5,9,Suburb,128465.0
876.0,3,2,18,2.24,0,0,60.5,2,Rural,67241.0
2776.0,1,3,47,11.53,2,1,43.7,6,Suburb,317022.0
1590.0,1,1,59,7.06,1,1,49.9,9,Downtown,201946.0
1637.0,2,3,10,2.42,2,1,58.2,6,Rural,181722.0
2663.0,5,3,39,32.1,0,0,43.7,2,Suburb,286695.0
2162.0,5,1,2,18.25,0,1,63.2,1,Suburb,252523.0
2096.0,5,1,22,1.1,0,1,28.9,3,Suburb,261986.0
3207.0,2,2,6,0.21,2,1,35.4,5,Rural,306954.0
1382.0,5,2,22,9.33,1,0,29.1,7,Rural,122215.0
2403.0,5,3,6,7.41,0,1,36.6,10,Rural,255730.0
1837.0,3,1,45,21.97,1,0,44.3,10,Downtown,274488.0
1975.0,1,1,33,2.13,0,1,70.6,3,Rural,151963.0
2794.0,1,2,41,0.71,1,1,50.8,9,Downtown,454329.0
2130.0,3,3,18,2.4,1,0,24.3,10,Downtown,438365.0
2150.0,3,3,57,0.2,1,1,22.0,4,Suburb,267779.0
2497.0,3,2,8,0.29,0,0,41.7,10,Suburb,334352.0
1563.0,1,1,47,19.71,2,1,66.7,2,Suburb,104161.0
1255.0,5,2,50,3.47,2,0,78.1,3,Suburb,124024.0
1121.0,3,2,17,4.23,2,1,18.2,5,Rural,124457.0
522.0,2,2,40,0.2,1,1,57.4,3,Downtown,73500.0
3137.0,3,2,47,2.52,0,0,42.0,5,Downtown,493836.0
1083.0,4,1,44,13.07,1,0,43.5,4,Rural,72935.0
1656.0,3,2,41,7.65,0,0,28.7,10,Downtown,278120.0
1620.0,1,1,24,11.21,1,0,45.6,3,Suburb,170180.0
2000.0,3,2,51,4.74,0,0,27.8,6,Suburb,245439.0
2330.0,4,3,13,2.97,0,1,44.7,8,Suburb,298019.0
2359.0,2,1,43,5.27,0,1,73.0,4,Suburb,235158.0
1421.0,5,3,24,3.12,1,1,62.6,9,Downtown,288467.0
1691.0,3,2,18,14.61,2,0,88.3,6,Rural,144636.0
1984.0,4,2,38,2.83,1,1,60.5,5,Downtown,324729.0
1638.0,4,2,54,8.62,1,1,53.5,3,Suburb,177078.0
2845.0,2,1,14,1.18,0,0,61.1,5,Downtown,445146.0
2119.0,1,3,15,9.29,0,0,34.5,5,Suburb,240084.0
2278.0,3,1,26,19.56,2,0,8.3,4,Suburb,283372.0
2231.0,4,1,39,7.5,2,1,65.9,6,Rural,207835.0
2563.0,2,2,9,6.57,0,0,14.1,3,Suburb,330905.0
1918.0,5,3,3,25.98,2,1,72.4,10,Suburb,272441.0
957.0,4,2,50,7.9,2,0,65.0,1,Rural,43167.0
2060.0,2,1,18,2.4,0,1,33.0,7,Suburb,256952.0
1377.0,1,2,27,2.77,1,0,41.3,7,Suburb,181775.0
1456.0,1,3,20,9.77,2,1,49.8,4,Suburb,176588.0
2181.0,4,2,58,10.64,0,0,31.6,9,Suburb,255489.0
2605.0,4,3,46,2.89,2,0,60.8,2,Rural,219991.0
1814.0,3,3,13,3.39,2,1,62.6,1,Downtown,324566.0
2001.0,2,2,32,37.73,0,1,21.1,3,Suburb,162446.0
2906.0,4,1,47,0.86,2,0,33.5,7,Suburb,365471.0
1956.0,3,2,9,4.15,2,0,49.3,9,Rural,203674.0
3491.0,3,1,18,0.52,2,0,72.8,2,Rural,285915.0
2168.0,4,1,29,13.77,1,0,63.0,6,Suburb,266782.0
656.0,1,2,21,0.78,1,0,3.4,3,Suburb,53210.0
2290.0,2,1,2,8.97,2,1,44.2,5,Suburb,293833.0
2048.0,2,1,36,0.47,0,1,59.5,9,Suburb,249888.0
2638.0,1,2,40,8.94,2,0,34.0,3,Rural,201968.0
2238.0,4,2,17,14.81,2,0,32.5,1,Rural,206296.0
1710.0,2,2,10,4.07,1,0,35.1,5,Rural,163176.0
1004.0,4,1,47,5.91,1,0,43.8,1,Downtown,136374.0
1664.0,4,3,1,4.11,1,0,30.4,8,Rural,248744.0
1247.0,3,1,11,2.86,2,0,63.2,7,Rural,129243.0
1423.0,1,3,53,13.01,2,0,32.8,2,Suburb,136898.0
2183.0,4,2,5,2.54,0,0,29.3,9,Suburb,301406.0
2885.0,5,3,42,10.27,2,0,42.0,5,Suburb,359056.0
2057.0,1,2,58,1.85,2,0,79.6,7,Suburb,196471.0
1023.0,2,2,39,2.3,1,0,60.5,4,Rural,84333.0
2089.0,3,3,43,3.28,1,1,61.8,1,Suburb,206600.0
2578.0,2,2,28,7.12,1,1,55.7,8,Suburb,295925.0
1404.0,2,3,58,4.85,1,1,31.1,1,Suburb,158030.0
1713.0,1,2,29,10.94,1,0,37.2,3,Suburb,180873.0
1810.0,2,1,1,1.92,0,0,33.8,6,Rural,199169.0
1290.0,4,1,8,0.2,0,0,71.8,8,Suburb,179635.0
2221.0,2,2,46,11.99,0,0,55.9,8,Suburb,241285.0
1721.0,3,2,1,13.79,1,1,16.7,2,Downtown,307188.0
2073.0,3,3,28,0.49,1,0,79.1,9,Suburb,255451.0
1223.0,5,1,32,7.55,1,0,43.4,4,Suburb,162098.0
1516.0,3,3,9,3.8,0,0,63.1,4,Rural,139028.0
2270.0,2,2,33,12.63,1,0,71.0,2,Downtown,317541.0
1558.0,3,2,43,16.6,0,1,0.0,1,Suburb,168674.0
2923.0,1,3,54,15.23,1,0,59.1,10,Downtown,407288.0
1540.0,3,2,7,12.01,2,1,44.9,7,Suburb,195480.0
1946.0,4,1,36,2.51,0,0,1.6,10,Rural,203244.0
2406.0,1,3,53,13.37,2,1,27.3,3,Suburb,273320.0
878.0,5,1,59,6.1,0,0,40.9,4,Suburb,70597.0
655.0,4,1,32,0.43,1,1,66.9,9,Suburb,106036.0
808.0,2,1,46,4.88,1,0,46.5,6,Downtown,97884.0
2621.0,2,3,5,22.8,2,1,53.0,1,Suburb,308097.0
1441.0,2,2,43,17.5,1,0,42.9,9,Suburb,146927.0
3463.0,4,1,39,0.86,0,0,71.8,9,Suburb,412835.0
1433.0,4,1,44,10.9,1,1,60.4,5,Rural,126416.0
1920.0,4,1,18,13.11,1,1,53.3,8,Suburb,244317.0
2802.0,1,2,31,2.53,0,0,27.1,7,Suburb,328430.0
3104.0,1,2,26,5.1,2,1,52.4,8,Rural,256970.0
3140.0,2,3,0,9.93,2,0,100.0,9,Rural,294549.0
2585.0,3,2,42,4.62,1,1,65.9,2,Suburb,270397.0
2466.0,2,3,51,0.96,0,1,35.2,10,Downtown,408549.0
2185.0,5,3,32,9.79,2,0,87.0,5,Suburb,238439.0
2306.0,1,3,39,19.41,2,1,34.3,8,Suburb,263446.0
1442.0,4,3,31,8.46,1,1,64.3,3,Downtown,258064.0
1268.0,1,3,4,11.89,0,0,49.1,6,Downtown,209534.0
1798.0,4,1,16,3.55,2,1,53.6,6,Downtown,318154.0
1689.0,5,2,7,1.62,1,0,54.4,7,Suburb,239527.0
1505.0,5,1,56,8.24,1,1,45.0,3,Suburb,139285.0
2253.0,1,3,41,3.18,1,1,42.2,8,Suburb,256365.0
2421.0,4,2,33,15.73,1,0,23.7,8,Downtown,391079.0
1857.0,5,1,8,1.05,2,1,27.5,9,Suburb,300681.0
2760.0,2,1,55,4.55,0,0,56.7,8,Suburb,301622.0
1058.0,2,3,22,4.04,1,0,36.3,3,Downtown,177037.0
1674.0,4,1,34,22.25,1,0,31.8,6,Suburb,190384.0
1334.0,1,1,49,1.33,2,0,100.0,9,Suburb,102500.0
587.0,5,1,6,0.2,1,1,99.8,1,Suburb,49614.0
1746.0,1,1,14,2.18,1,0,61.6,3,Suburb,170399.0
1721.0,2,1,52,13.73,0,0,64.4,2,Downtown,158123.0
2784.0,5,3,53,1.88,1,1,33.8,8,Suburb,370660.0
2210.0,1,3,19,2.2,2,0,26.3,6,Downtown,420381.0
1134.0,3,1,49,1.11,0,0,43.2,10,Downtown,165768.0
3005.0,4,3,24,10.05,2,0,50.0,8,Suburb,380805.0
2594.0,4,3,2,0.57,0,1,64.3,2,Suburb,338067.0
2178.0,3,2,59,3.22,0,0,13.4,6,Downtown,340659.0
1653.0,2,1,54,2.66,1,0,92.9,7,Downtown,200722.0
1176.0,5,3,45,6.48,1,0,55.0,8,Rural,106094.0
1558.0,4,3,23,10.49,1,1,19.0,9,Suburb,226941.0
2508.0,3,1,33,6.09,2,0,53.1,5,Suburb,287464.0
3025.0,3,2,45,21.39,1,1,32.0,3,Suburb,336137.0
2803.0,2,1,21,24.2,1,1,30.5,2,Downtown,430776.0
1482.0,2,2,10,3.59,0,1,28.8,8,Suburb,218885.0
1072.0,1,1,47,12.03,1,0,44.9,1,Downtown,83163.0
1892.0,4,1,7,10.74,1,0,92.1,10,Suburb,244809.0
651.0,1,1,38,17.88,1,1,51.9,6,Downtown,63513.0
2010.0,3,1,42,4.75,1,0,63.9,2,Suburb,196401.0
1704.0,5,2,34,6.05,0,0,68.8,3,Suburb,185363.0
1497.0,5,2,48,4.3,1,0,47.1,8,Suburb,184330.0
763.0,2,3,45,15.2,0,1,26.8,1,Downtown,89601.0
2134.0,5,1,37,2.09,2,1,18.0,6,Suburb,296927.0
1454.0,5,2,7,2.19,1,0,42.3,3,Suburb,187427.0
1040.0,5,2,53,3.73,1,1,72.9,6,Suburb,121817.0
400.0,3,2,36,2.09,1,0,68.7,3,Suburb,46578.0
1782.0,5,1,26,6.59,0,1,55.1,8,Suburb,256027.0
2952.0,5,3,27,1.16,1,0,57.8,5,Suburb,369349.0
2880.0,5,2,39,3.09,1,1,47.3,4,Suburb,347040.0
1503.0,1,1,33,19.58,2,0,40.4,9,Rural,146263.0
1409.0,3,2,31,4.21,0,0,35.2,5,Downtown,252555.0
2105.0,2,2,14,11.03,0,0,20.6,4,Downtown,351355.0
1151.0,1,3,43,0.96,2,0,85.9,8,Suburb,88732.0
1996.0,4,2,16,2.28,0,1,53.4,8,Rural,195410.0
2298.0,3,2,32,13.17,1,0,41.2,8,Rural,190223.0
2598.0,3,1,46,11.52,1,0,86.4,4,Suburb,279356.0
1735.0,4,1,45,3.9,2,0,90.2,1,Suburb,136804.0
1668.0,4,3,51,24.7,0,0,100.0,2,Suburb,142215.0
1229.0,4,1,53,19.32,0,0,45.0,4,Suburb,96233.0
1263.0,2,1,15,26.22,0,0,52.1,10,Suburb,111438.0
1653.0,5,3,28,4.47,2,0,63.0,2,Rural,168268.0
2039.0,3,2,8,1.76,1,0,83.2,10,Suburb,275311.0
2394.0,5,3,32,7.88,2,0,51.2,3,Suburb,276899.0
1278.0,5,1,59,9.24,1,1,30.3,9,Suburb,161820.0
2770.0,4,3,48,1.07,2,1,34.9,9,Suburb,390295.0
1624.0,2,2,28,12.35,1,0,73.5,9,Suburb,169846.0
1786.0,1,3,12,0.2,0,1,62.4,7,Suburb,251977.0
1314.0,2,1,20,5.27,0,1,46.5,4,Downtown,189819.0
400.0,5,1,57,3.22,0,0,45.2,1,Downtown,30000.0
2375.0,2,3,20,10.79,2,1,46.5,3,Suburb,286529.0
2279.0,4,2,4,3.0,2,0,74.8,8,Rural,207969.0
1617.0,1,3,9,14.03,2,1,34.2,4,Downtown,276441.0
1844.0,4,2,5,7.23,0,0,25.7,10,Suburb,274518.0
2135.0,1,2,55,12.63,1,0,86.3,10,Suburb,189605.0
784.0,5,3,50,36.33,0,0,50.5,2,Downtown,69119.0
1456.0,1,2,56,9.09,0,1,48.4,8,Rural,105423.0
2316.0,1,1,12,33.57,1,1,63.4,7,Rural,187523.0
985.0,1,3,0,0.23,1,0,30.2,10,Downtown,244350.0
1991.0,2,2,19,3.3,1,0,65.0,9,Suburb,273254.0
918.0,2,1,56,0.91,1,0,42.3,2,Suburb,49869.0
2103.0,5,3,46,2.43,0,0,72.5,5,Rural,155005.0
1777.0,1,1,45,14.61,2,0,19.3,6,Suburb,213077.0
750.0,3,1,7,0.26,0,0,59.0,2,Downtown,124705.0
2557.0,5,1,9,5.87,1,1,45.4,2,Suburb,330607.0
1323.0,1,2,8,6.7,2,1,35.9,10,Rural,145683.0
1273.0,1,3,48,6.59,2,0,65.4,4,Downtown,147163.0
1930.0,2,3,40,5.16,0,0,47.0,8,Suburb,238603.0
2547.0,5,2,2,12.51,0,1,59.3,5,Downtown,421736.0
1140.0,1,3,10,1.15,0,1,75.3,9,Rural,119553.0
1840.0,1,1,11,2.98,2,1,65.8,4,Downtown,304303.0
2079.0,5,3,9,7.65,2,1,28.4,3,Rural,236025.0
2251.0,3,2,24,9.39,2,1,39.2,10,Suburb,302801.0
1915.0,5,1,48,4.14,1,0,59.2,8,Suburb,227798.0
1561.0,5,2,48,16.66,1,0,65.9,1,Rural,124778.0
1262.0,3,1,24,4.3,0,1,42.2,9,Rural,137050.0
1856.0,5,1,10,4.12,2,0,54.0,4,Suburb,273487.0
1103.0,1,3,53,0.3,0,0,53.8,9,Downtown,127667.0
400.0,5,1,35,6.41,2,0,56.6,8,Suburb,74517.0
2084.0,3,2,38,9.87,0,1,26.4,3,Suburb,228030.0
2388.0,4,3,52,0.97,1,1,21.7,3,Suburb,298135.0
400.0,5,2,25,2.92,2,0,4.8,9,Suburb,136877.0
1144.0,2,1,13,12.16,1,0,52.1,3,Downtown,140263.0
2202.0,1,2,38,3.64,2,1,22.7,4,Suburb,295732.0
3137.0,1,2,55,2.21,0,0,92.7,9,Suburb,340610.0
1814.0,2,1,39,8.92,2,0,63.1,4,Downtown,250727.0
1327.0,2,3,0,1.75,1,1,26.4,3,Suburb,184788.0
1681.0,5,2,55,18.08,2,0,72.7,7,Suburb,168796.0
2694.0,2,1,53,0.89,0,0,72.7,6,Suburb,271176.0
1380.0,4,3,3,9.81,2,1,74.4,1,Downtown,217195.0
1281.0,3,3,29,5.54,1,0,33.8,10,Suburb,202359.0
1486.0,2,3,11,16.32,0,1,64.3,8,Downtown,234744.0
1180.0,2,2,55,1.08,1,0,74.7,1,Suburb,80060.0
1880.0,4,2,34,9.06,2,0,81.4,4,Suburb,200648.0
2856.0,1,2,12,6.79,1,0,19.5,6,Suburb,355812.0
2010.0,1,3,51,5.23,2,0,45.6,6,Downtown,305041.0
1636.0,5,2,30,5.41,0,1,33.1,7,Suburb,218991.0
1610.0,4,1,37,10.24,1,1,87.3,5,Rural,136931.0
784.0,3,2,42,22.21,1,1,59.8,5,Downtown,65393.0
2374.0,3,2,22,0.77,2,0,67.8,4,Rural,213502.0
1749.0,4,3,3,0.2,1,1,59.5,6,Suburb,237614.0
1683.0,3,2,51,13.11,1,0,57.5,7,Suburb,186934.0
3876.0,1,1,15,0.92,0,1,32.7,10,Downtown,683477.0
1994.0,3,3,6,34.56,2,1,41.1,10,Downtown,356910.0
1311.0,3,1,21,7.73,2,0,51.4,1,Rural,107565.0
1523.0,4,3,28,8.42,0,0,37.0,9,Suburb,208157.0
2546.0,4,3,10,1.77,0,0,33.3,8,Downtown,457053.0
1874.0,3,2,55,2.2,2,0,45.9,7,Suburb,198184.0
865.0,2,1,32,8.62,0,1,37.9,9,Downtown,152134.0
2397.0,4,3,57,19.24,0,0,51.0,3,Suburb,236231.0
1366.0,5,2,28,32.31,0,0,41.1,10,Suburb,137139.0
3018.0,5,3,58,1.77,2,0,36.3,4,Rural,256035.0
2502.0,1,3,38,1.15,0,1,31.4,7,Suburb,315971.0
1509.0,3,3,11,0.46,1,0,50.1,6,Downtown,298552.0
2633.0,2,3,6,16.22,1,0,67.8,2,Suburb,269524.0
1844.0,1,3,58,2.79,2,0,63.0,2,Suburb,173373.0
2354.0,3,3,54,0.2,0,1,19.5,10,Suburb,316758.0
2115.0,4,2,38,2.03,1,0,67.2,7,Rural,181184.0
1250.0,5,3,41,3.33,2,1,62.9,9,Suburb,199960.0
1382.0,2,1,47,37.67,1,0,67.7,9,Downtown,115448.0
2469.0,5,2,25,5.93,0,0,71.7,7,Rural,200700.0
1582.0,4,1,39,1.83,2,0,35.4,8,Downtown,281621.0
1538.0,3,3,8,3.26,1,0,44.0,10,Downtown,335098.0
1179.0,4,1,40,3.21,2,0,85.8,3,Suburb,104022.0
2075.0,4,3,33,0.2,1,0,84.6,1,Rural,154748.0
3141.0,5,3,44,1.16,1,1,48.5,7,Suburb,413876.0
1106.0,2,2,12,9.5,0,0,62.1,8,Downtown,179967.0
1816.0,4,2,54,1.02,0,0,63.8,2,Suburb,181421.0
2718.0,5,3,54,2.1,1,1,85.2,9,Suburb,336471.0
1748.0,2,2,35,3.46,2,0,56.9,4,Suburb,182586.0
2094.0,3,1,24,11.34,2,1,25.8,10,Downtown,374696.0
1109.0,3,2,23,6.99,0,1,40.5,9,Suburb,167579.0
2078.0,1,2,43,9.34,1,0,100.0,3,Rural,115773.0
1678.0,5,1,16,6.7,0,1,24.8,8,Suburb,271285.0
2441.0,2,2,1,9.21,1,0,51.0,2,Downtown,408017.0
2572.0,4,3,12,0.2,1,0,96.3,3,Rural,212904.0
3483.0,3,1,30,21.38,0,0,34.0,1,Suburb,394654.0
2177.0,2,3,28,0.94,2,0,0.0,5,Rural,226233.0
2012.0,5,1,49,4.17,0,0,0.0,4,Downtown,362398.0
1926.0,1,3,27,11.79,1,0,34.1,1,Downtown,276999.0
1570.0,3,3,59,4.57,0,0,14.7,10,Suburb,198994.0
2020.0,2,2,26,23.48,2,0,70.7,9,Suburb,211120.0
1608.0,2,3,14,5.04,2,0,55.4,6,Suburb,170833.0
1909.0,2,2,30,16.63,1,0,7.3,6,Suburb,243705.0
2656.0,5,1,39,13.32,0,0,18.1,2,Downtown,403622.0
1146.0,5,3,14,31.7,2,0,74.8,7,Suburb,142854.0
2541.0,5,3,32,20.89,0,0,53.9,9,Suburb,331569.0
2656.0,4,1,19,18.27,2,0,78.7,6,Suburb,290360.0
1723.0,2,1,41,10.52,1,1,72.4,8,Suburb,167130.0
421.0,3,3,11,3.66,1,1,27.0,5,Suburb,108031.0
1405.0,5,1,36,0.9,0,0,67.6,2,Suburb,141247.0
2643.0,5,2,8,9.33,1,1,61.3,4,Suburb,358968.0
1785.0,2,1,22,30.78,2,0,10.8,1,Suburb,167426.0
1150.0,5,1,7,10.37,1,0,22.8,1,Downtown,234247.0
1472.0,4,3,31,21.13,2,1,98.8,6,Suburb,144194.0
2346.0,4,2,47,13.05,2,0,31.4,2,Rural,202073.0
2155.0,5,1,13,1.42,1,1,58.2,6,Suburb,306604.0
1645.0,2,2,26,2.29,2,0,46.2,1,Downtown,257168.0
1562.0,2,2,24,3.35,2,0,53.7,10,Rural,170982.0
1545.0,2,2,12,1.47,0,0,47.5,3,Downtown,226460.0
1200.0,1,3,54,6.97,0,0,69.3,9,Downtown,136199.0
2850.0,5,1,20,29.66,0,0,68.8,2,Suburb,293195.0
1590.0,2,3,44,11.47,1,0,52.4,8,Suburb,162163.0
2591.0,4,1,30,4.4,0,1,31.9,6,Downtown,456262.0
2789.0,3,1,36,0.2,2,0,38.6,6,Suburb,335104.0
2449.0,3,3,47,3.01,1,0,18.5,7,Suburb,299517.0
1519.0,2,2,57,5.99,1,0,43.3,5,Downtown,215350.0
2062.0,3,2,42,3.14,1,1,14.7,4,Suburb,244503.0
1784.0,3,1,53,0.94,1,0,54.4,6,Suburb,176423.0
1213.0,1,3,4,4.68,2,0,55.9,8,Suburb,176966.0
2011.0,4,2,12,2.34,2,1,70.1,4,Downtown,373766.0
1034.0,4,2,27,19.2,0,0,25.6,5,Downtown,163862.0
2572.0,1,1,42,0.86,1,0,27.0,7,Suburb,276140.0
1498.0,1,1,24,0.4,0,1,80.5,6,Rural,125968.0
1931.0,3,3,50,0.2,2,1,22.6,4,Suburb,238926.0
1984.0,5,1,34,3.18,1,0,91.0,4,Suburb,231922.0
1632.0,3,2,46,8.64,2,0,31.5,10,Downtown,275824.0
2181.0,1,2,38,10.49,0,1,31.7,4,Suburb,252994.0
1491.0,4,2,6,4.83,2,0,66.9,1,Downtown,242401.0
2366.0,3,2,37,9.22,1,1,61.0,5,Suburb,257901.0
925.0,5,3,31,3.57,1,0,82.8,8,Suburb,94298.0
1882.0,3,3,2,8.82,0,0,12.2,7,Rural,195253.0
3060.0,2,1,44,0.33,1,0,60.7,5,Suburb,340395.0
1150.0,3,1,38,3.96,2,1,49.1,3,Rural,97041.0
1359.0,1,1,36,12.52,2,1,28.5,1,Downtown,184513.0
2134.0,4,3,54,13.0,2,1,87.6,7,Downtown,329719.0
1917.0,4,2,49,10.07,2,1,54.7,3,Rural,158659.0
2028.0,1,1,21,1.83,0,0,48.7,4,Suburb,223478.0
2118.0,2,2,7,2.27,2,0,59.1,5,Rural,216944.0
2213.0,1,1,16,44.35,0,1,15.4,8,Downtown,311700.0
2521.0,3,1,51,0.87,2,1,25.0,7,Suburb,301483.0
2066.0,1,1,26,1.59,0,1,43.3,9,Suburb,245334.0
1643.0,1,1,32,1.11,2,1,56.3,3,Downtown,205535.0
2237.0,2,1,45,3.18,2,0,75.5,10,Suburb,235850.0
3035.0,3,2,16,1.89,0,0,32.3,1,Suburb,342224.0
1714.0,5,1,41,5.51,1,1,27.7,1,Downtown,283165.0
1167.0,5,2,11,5.17,1,0,60.0,10,Downtown,265647.0
2520.0,4,3,47,18.54,1,0,47.3,1,Downtown,340762.0
1722.0,1,1,45,0.28,0,1,11.6,2,Downtown,239896.0
400.0,4,2,26,3.08,1,0,31.6,2,Suburb,72142.0
2351.0,2,3,47,7.26,1,1,46.4,7,Downtown,364601.0
1452.0,5,3,7,7.43,0,0,46.9,9,Downtown,304435.0
1741.0,1,3,22,5.23,1,1,51.8,8,Rural,176305.0
2016.0,2,2,59,13.53,1,1,24.0,4,Suburb,199485.0
1924.0,2,1,41,0.52,1,0,47.4,2,Suburb,189424.0
2261.0,1,1,48,13.52,0,0,68.9,3,Suburb,184896.0
1517.0,2,2,58,5.46,0,0,0.0,10,Rural,118926.0
2134.0,1,1,28,1.15,1,0,44.4,5,Downtown,333309.0
1631.0,1,2,49,17.35,1,0,16.8,9,Suburb,185585.0
2280.0,3,1,19,8.38,0,0,49.4,8,Suburb,277538.0
2200.0,4,3,15,1.43,1,0,19.9,3,Suburb,323808.0
1192.0,2,1,16,0.27,0,0,52.7,9,Suburb,150698.0
2506.0,2,2,15,1.22,1,0,82.5,10,Rural,240910.0
1452.0,3,2,18,7.51,0,1,30.4,3,Rural,144902.0
2325.0,3,3,55,1.58,2,0,33.3,10,Downtown,391894.0
2039.0,3,2,55,2.05,2,1,40.6,8,Downtown,358490.0
2995.0,5,1,7,0.2,0,1,56.4,1,Rural,283884.0
1655.0,5,1,37,10.27,2,1,29.6,4,Suburb,225715.0
1573.0,5,3,37,13.3,1,1,42.4,4,Downtown,245172.0
1787.0,1,2,52,12.75,0,0,36.6,6,Suburb,172240.0
1603.0,2,3,28,1.09,0,1,40.7,2,Downtown,249743.0
2320.0,4,1,40,18.69,1,0,56.6,7,Downtown,326614.0
749.0,1,3,35,8.92,1,1,61.0,5,Rural,70963.0
1115.0,2,2,25,18.23,0,1,20.5,10,Downtown,200969.0
1106.0,2,3,30,4.74,1,0,56.5,6,Downtown,150215.0
2418.0,3,2,43,4.6,0,0,100.0,6,Downtown,322658.0
2912.0,3,2,59,12.28,1,0,80.9,6,Suburb,308463.0
1732.0,1,1,11,0.78,0,1,37.2,10,Downtown,305105.0
1690.0,3,1,54,5.89,1,0,52.6,8,Suburb,166495.0
1846.0,2,1,16,14.48,1,0,49.3,10,Suburb,220539.0
2555.0,3,2,14,14.18,2,0,59.2,4,Rural,231467.0
1197.0,5,3,8,25.01,2,0,41.6,10,Downtown,234795.0
1955.0,3,2,38,9.59,2,1,44.6,8,Rural,189044.0
2434.0,2,1,41,1.86,1,1,35.4,9,Downtown,407063.0
2126.0,1,1,47,0.2,0,0,71.9,4,Suburb,201687.0
1923.0,4,3,11,5.22,1,0,56.2,1,Suburb,202251.0
2451.0,3,1,31,5.77,2,0,56.4,3,Downtown,372444.0
400.0,2,1,24,2.2,1,0,74.4,1,Suburb,30000.0
2241.0,4,1,38,1.07,2,1,74.7,7,Downtown,372080.0
1375.0,4,3,17,7.06,2,0,70.9,1,Downtown,206948.0
610.0,5,2,14,11.56,0,0,74.1,4,Suburb,61268.0
2132.0,4,1,31,39.87,0,1,81.3,1,Suburb,176409.0
2693.0,2,3,5,11.36,2,1,30.7,2,Downtown,483661.0
1711.0,2,1,57,12.62,2,0,44.0,1,Downtown,175376.0
2419.0,3,3,43,7.67,1,0,64.2,5,Downtown,370330.0
2848.0,3,1,42,34.11,2,0,32.3,7,Suburb,319725.0
2655.0,3,3,51,8.17,1,1,42.7,3,Suburb,311185.0
2866.0,4,1,34,15.74,2,1,53.9,8,Downtown,482186.0
2282.0,4,2,33,23.32,0,0,45.4,5,Downtown,323907.0
1849.0,5,1,37,21.26,0,0,51.3,5,Suburb,210456.0
759.0,3,3,55,3.84,2,1,27.1,5,Suburb,87661.0
1640.0,1,1,53,0.66,1,1,49.2,8,Suburb,177404.0
1252.0,5,2,56,1.51,1,1,52.7,2,Rural,95931.0
3211.0,1,1,4,0.49,1,0,82.3,2,Downtown,477205.0
1686.0,4,3,17,0.89,2,0,44.6,8,Rural,162331.0
1880.0,5,3,15,1.63,2,0,37.0,9,Suburb,261886.0
2158.0,5,2,7,3.34,0,0,64.3,10,Rural,243518.0
1828.0,2,3,24,6.27,0,0,0.0,10,Downtown,327241.0
2902.0,4,1,31,9.95,2,0,43.7,2,Suburb,338955.0
1395.0,4,1,25,1.9,0,0,39.7,4,Suburb,152770.0
1926.0,5,1,51,8.93,1,1,55.2,8,Suburb,216024.0
1317.0,4,3,21,9.75,1,0,74.9,2,Rural,117225.0
942.0,5,1,30,6.54,2,1,81.0,4,Suburb,109039.0
1402.0,2,1,42,18.72,1,0,54.9,10,Rural,100427.0
1776.0,5,1,9,0.94,2,1,19.0,1,Suburb,276389.0
1521.0,4,2,55,1.56,1,0,39.7,2,Suburb,159500.0
1350.0,4,3,56,4.48,2,1,41.9,7,Downtown,254333.0
886.0,5,3,11,1.08,1,0,57.3,1,Rural,79489.0
1746.0,5,3,52,6.68,1,0,51.1,1,Suburb,171171.0
822.0,5,2,27,4.07,0,1,36.2,2,Suburb,111421.0
2294.0,3,3,5,2.68,0,0,25.0,4,Suburb,309834.0
1854.0,4,2,58,1.49,0,0,32.6,7,Suburb,207542.0
853.0,4,2,19,3.27,0,1,31.9,4,Rural,91988.0
1599.0,3,3,4,7.49,0,1,82.4,5,Downtown,285863.0
1311.0,5,1,22,6.86,0,0,34.6,4,Downtown,221529.0
2007.0,2,1,8,1.43,2,0,51.2,4,Downtown,306875.0
2671.0,5,3,57,1.07,2,0,69.4,9,Suburb,303883.0
581.0,5,3,58,0.22,0,0,53.9,6,Downtown,121578.0
1875.0,3,2,28,0.2,2,1,28.3,3,Downtown,355889.0
1696.0,4,3,15,16.95,0,0,69.7,6,Downtown,259092.0
2236.0,5,2,53,0.37,2,0,57.1,7,Suburb,288020.0
1939.0,4,3,45,10.51,1,1,6.3,7,Suburb,266495.0
1311.0,1,1,21,16.44,2,0,74.9,8,Downtown,187579.0
1593.0,4,1,7,0.83,2,1,67.5,4,Rural,144503.0
1283.0,2,3,58,4.59,2,0,56.8,1,Rural,65932.0
2499.0,2,2,19,26.23,1,0,82.7,6,Downtown,358469.0
1814.0,5,1,50,14.37,0,0,67.0,8,Suburb,166499.0
3036.0,4,2,13,5.38,2,0,72.6,5,Suburb,376031.0
1761.0,5,3,38,11.5,2,0,70.7,3,Downtown,265788.0
1340.0,3,3,36,14.34,1,0,65.1,4,Downtown,188284.0
816.0,2,1,49,3.42,0,0,14.2,8,Suburb,96286.0
628.0,5,3,33,17.82,2,0,16.6,6,Suburb,99008.0
770.0,3,1,10,5.09,1,0,67.0,5,Downtown,116599.0
1974.0,5,2,53,6.0,0,0,74.6,9,Rural,152592.0
2131.0,4,1,39,50.0,0,0,35.9,10,Suburb,199551.0
772.0,4,1,32,14.83,2,1,27.7,3,Suburb,109467.0
2382.0,4,2,30,3.59,2,0,55.3,7,Downtown,403779.0
1486.0,4,1,58,0.2,2,0,21.0,9,Suburb,218340.0
1895.0,1,1,53,7.87,2,1,46.6,4,Suburb,197934.0
2848.0,3,3,43,9.74,1,0,42.9,10,Suburb,356858.0
2383.0,3,2,33,8.42,1,1,45.5,10,Suburb,301894.0
1625.0,4,1,49,27.5,2,1,87.7,3,Suburb,114663.0
1221.0,1,2,6,15.9,0,0,37.3,1,Suburb,144068.0
401.0,4,2,57,4.77,2,0,51.1,9,Suburb,60973.0
1333.0,1,1,48,0.52,0,1,23.8,1,Rural,92914.0
1663.0,4,3,53,5.17,0,0,68.8,2,Suburb,186278.0
1158.0,2,2,22,9.35,0,1,46.4,9,Downtown,209681.0
1715.0,2,1,45,7.49,1,0,73.6,5,Suburb,135586.0
1850.0,5,2,55,6.18,0,0,0.9,4,Downtown,305061.0
1654.0,4,3,6,5.06,0,0,48.8,9,Rural,192532.0
1377.0,3,3,53,2.78,1,0,52.6,9,Suburb,187454.0
1910.0,5,3,24,2.6,0,0,68.2,2,Suburb,264138.0
2087.0,2,1,2,5.55,0,1,37.2,3,Downtown,350104.0
1091.0,4,1,58,1.4,2,1,65.7,3,Suburb,113450.0
2717.0,5,3,37,3.33,0,1,39.5,5,Rural,252639.0
1736.0,4,1,19,3.13,0,0,51.9,3,Downtown,263961.0
1812.0,2,3,33,7.08,0,1,68.4,10,Suburb,191804.0
2260.0,5,1,48,0.55,0,1,31.4,6,Rural,219877.0
1952.0,2,3,43,14.16,0,1,64.8,2,Suburb,203331.0
2420.0,1,2,43,6.61,1,0,56.7,6,Suburb,268347.0
1987.0,2,3,29,8.89,0,1,43.3,6,Suburb,239273.0
1402.0,4,3,16,9.71,0,0,36.6,2,Suburb,193630.0
2035.0,3,1,58,2.76,1,0,8.0,6,Downtown,371059.0
1057.0,2,1,9,5.08,1,1,48.4,6,Downtown,176559.0
1871.0,3,1,34,25.03,0,0,43.4,6,Suburb,147948.0
1778.0,1,1,19,11.64,0,0,62.8,5,Rural,136516.0
1665.0,5,1,17,27.94,0,1,60.8,7,Downtown,268834.0
1716.0,5,1,44,10.97,2,0,71.4,5,Downtown,223942.0
577.0,3,2,43,1.54,2,1,72.1,1,Suburb,54409.0
1443.0,5,3,26,0.53,0,1,100.0,9,Rural,137443.0
1860.0,2,3,58,6.9,1,0,60.3,3,Downtown,242024.0
1904.0,3,3,58,3.54,0,0,32.8,2,Rural,137175.0
1132.0,4,2,48,2.58,1,1,66.5,10,Downtown,180853.0
2623.0,2,3,35,13.17,1,0,82.1,6,Rural,191331.0
1237.0,2,2,22,3.66,1,1,59.5,8,Suburb,169465.0
2430.0,2,2,31,3.05,0,1,7.5,2,Suburb,288269.0
2078.0,4,2,9,15.18,0,0,61.1,4,Suburb,245839.0
1380.0,1,3,10,14.98,1,0,37.4,2,Suburb,151123.0
2954.0,5,2,37,3.53,2,1,23.6,9,Downtown,531410.0
1024.0,3,3,5,14.29,2,0,53.7,10,Downtown,212706.0
2397.0,1,3,58,15.22,2,0,19.5,2,Suburb,248531.0
2450.0,3,1,40,4.41,1,1,70.5,10,Rural,234301.0
1364.0,5,1,46,0.55,0,1,64.6,2,Suburb,166111.0
2705.0,4,2,33,0.2,1,1,48.3,5,Suburb,326360.0
1637.0,2,2,35,5.93,2,0,39.0,5,Suburb,196029.0
1988.0,2,3,36,3.37,0,1,46.3,7,Downtown,293801.0
1969.0,4,2,16,46.83,1,1,29.8,1,Rural,158109.0
1713.0,1,2,39,11.84,1,1,48.5,2,Suburb,180045.0
2327.0,1,3,39,11.46,2,1,0.0,6,Suburb,253878.0
2316.0,3,2,53,24.85,1,0,51.8,2,Suburb,205761.0
663.0,4,2,11,17.49,0,1,52.3,4,Rural,45870.0
2648.0,1,3,20,3.06,2,1,66.9,10,Rural,248374.0
719.0,4,3,39,1.45,2,0,56.0,6,Suburb,91351.0
2471.0,5,1,18,10.96,0,0,69.5,7,Suburb,295516.0
2532.0,2,3,2,3.8,2,1,60.9,10,Suburb,365625.0
1091.0,2,1,17,5.13,1,0,70.7,5,Suburb,107770.0
1533.0,2,2,52,7.96,1,0,100.0,8,Suburb,115401.0
1081.0,4,3,50,19.08,2,0,58.4,6,Suburb,102135.0
1660.0,4,3,18,4.35,0,0,53.7,5,Suburb,210511.0
1600.0,3,3,46,12.23,1,0,73.7,4,Suburb,149678.0
2307.0,2,2,5,2.5,0,0,40.6,6,Suburb,286763.0
2652.0,3,1,15,9.58,1,1,47.6,6,Downtown,447926.0
2707.0,2,2,7,0.2,1,1,58.4,6,Suburb,366613.0
1435.0,3,2,47,16.42,2,1,51.4,1,Suburb,112324.0
1664.0,3,3,17,0.25,2,0,51.4,6,Downtown,316175.0
706.0,5,1,51,9.98,0,1,68.0,1,Suburb,54421.0
1276.0,3,2,47,0.38,2,1,16.1,5,Rural,123711.0
2427.0,4,3,42,2.48,1,1,90.7,7,Suburb,304125.0
2850.0,3,2,38,5.5,1,0,59.7,1,Suburb,307825.0
998.0,2,2,48,4.36,0,0,42.0,1,Rural,40702.0
1415.0,3,3,48,1.7,0,1,82.6,6,Downtown,180045.0
1783.0,1,3,11,3.25,1,1,52.1,7,Rural,187215.0
1982.0,2,1,44,10.41,2,1,52.6,6,Downtown,299405.0
1274.0,1,2,9,8.85,2,0,45.7,5,Downtown,231432.0
2076.0,2,3,6,0.6,0,0,79.4,6,Suburb,263231.0
1492.0,4,3,45,11.0,0,1,49.8,3,Suburb,159653.0
1791.0,4,1,54,0.44,1,0,38.8,9,Suburb,228554.0
2155.0,4,1,0,6.26,1,1,70.0,5,Suburb,278311.0
1804.0,1,3,48,2.41,0,1,73.7,2,Rural,119880.0
1516.0,5,1,35,7.09,1,1,82.1,10,Suburb,180310.0
1729.0,2,3,20,2.42,0,0,62.7,10,Suburb,196367.0
1743.0,4,2,36,33.58,0,0,72.9,7,Downtown,197564.0
1559.0,2,1,51,2.97,2,1,44.8,3,Downtown,216923.0
1632.0,1,2,23,2.22,0,1,70.5,1,Suburb,119888.0
2839.0,5,2,54,2.61,1,0,64.9,3,Downtown,421938.0
2165.0,1,2,24,18.14,2,0,60.6,9,Suburb,254380.0
1608.0,2,3,6,8.09,2,0,18.9,5,Suburb,248252.0
2253.0,5,2,41,10.49,1,1,42.2,7,Downtown,375999.0
1583.0,5,2,16,20.01,1,1,49.1,3,Suburb,183622.0
2563.0,1,2,28,19.43,1,1,60.6,4,Downtown,346649.0
2040.0,4,3,29,10.74,0,0,98.0,1,Suburb,189431.0
1730.0,2,2,6,1.76,2,1,67.2,3,Suburb,233414.0
2091.0,3,2,32,14.83,0,0,33.8,7,Suburb,268034.0
779.0,3,1,6,1.82,0,0,40.4,4,Downtown,119258.0
1068.0,1,3,57,10.87,0,1,77.8,2,Suburb,42662.0
1024.0,2,2,23,9.26,0,0,39.5,5,Downtown,124030.0
1893.0,2,1,10,11.38,2,0,70.4,5,Suburb,210426.0
2926.0,1,3,8,6.09,2,1,52.3,2,Suburb,347075.0
3250.0,2,3,11,8.14,0,0,46.7,6,Suburb,403304.0
2215.0,4,3,34,24.52,1,0,39.8,10,Rural,212076.0
2126.0,1,3,3,0.85,2,0,0.0,4,Suburb,311371.0
629.0,4,3,35,2.96,0,0,60.8,1,Downtown,52406.0
1447.0,2,3,27,7.56,1,1,29.0,3,Downtown,240800.0
1288.0,1,2,56,26.61,1,0,21.6,9,Rural,58762.0
1396.0,2,2,12,0.8,0,1,55.0,10,Downtown,292807.0
1691.0,1,2,22,0.2,2,0,70.6,7,Suburb,193110.0
1493.0,2,2,18,0.46,1,0,16.1,6,Suburb,189153.0
513.0,4,1,41,0.43,2,0,70.1,1,Suburb,30000.0
2286.0,4,2,36,19.07,2,1,31.9,9,Suburb,294286.0
1103.0,2,3,38,10.22,1,0,63.0,9,Suburb,131008.0
1956.0,1,2,23,9.04,0,1,61.6,1,Suburb,213953.0
3148.0,3,2,15,5.91,1,0,45.9,6,Rural,295608.0
1202.0,4,3,32,12.18,1,1,50.6,7,Suburb,151846.0
400.0,4,2,11,1.35,2,1,42.1,2,Suburb,90100.0
1614.0,3,2,33,3.98,0,1,55.3,10,Suburb,217724.0
2516.0,2,2,6,5.39,2,1,55.1,8,Suburb,334120.0
3073.0,1,1,10,0.94,1,1,31.5,8,Rural,310220.0
1001.0,2,2,30,4.35,0,1,22.8,6,Downtown,168861.0
2123.0,5,3,28,3.04,0,0,70.2,9,Suburb,276516.0
1498.0,4,3,12,0.29,0,0,54.1,3,Rural,118023.0
1731.0,5,2,30,1.18,0,1,67.4,2,Suburb,226382.0
3519.0,4,2,1,11.55,0,0,36.6,2,Downtown,578625.0
823.0,4,2,38,0.2,1,0,33.5,6,Suburb,138095.0
1965.0,5,3,14,21.78,1,0,29.8,7,Rural,187910.0
2104.0,5,3,56,0.72,1,0,46.4,6,Rural,199657.0
2506.0,2,1,10,12.85,2,1,54.6,3,Suburb,291456.0
1864.0,5,1,33,18.31,0,0,39.1,5,Downtown,273123.0
2000.0,2,1,38,22.66,0,1,81.3,8,Rural,145239.0
1545.0,2,3,3,16.17,1,1,37.2,6,Suburb,225359.0
1975.0,2,1,10,2.71,0,1,55.0,2,Rural,197800.0
1577.0,4,2,28,3.24,2,0,32.3,7,Suburb,232907.0
2204.0,4,2,1,4.45,0,0,36.5,8,Downtown,401682.0
1560.0,5,3,15,1.2,0,1,48.3,4,Suburb,202823.0
2045.0,4,1,38,0.2,2,1,33.3,1,Downtown,354456.0
1781.0,5,2,12,16.27,1,1,51.8,2,Suburb,204483.0
2532.0,4,3,36,6.46,1,0,58.8,4,Rural,232331.0
1767.0,1,1,16,7.51,0,0,71.9,7,Suburb,187220.0
648.0,1,2,20,20.94,2,1,28.4,2,Rural,61973.0
2620.0,5,1,43,8.75,1,0,53.4,6,Suburb,313237.0
1211.0,4,3,59,9.39,1,1,48.8,2,Suburb,118450.0
1375.0,4,1,18,12.37,1,1,13.0,7,Rural,181240.0
1413.0,2,3,6,0.99,0,1,27.4,2,Suburb,207548.0
2693.0,3,1,37,3.57,2,0,59.5,3,Suburb,309169.0
412.0,5,2,7,27.59,0,0,22.9,9,Suburb,65728.0
3840.0,3,3,12,20.5,1,1,48.5,4,Suburb,442869.0
2486.0,3,3,36,17.24,2,1,7.6,5,Downtown,420796.0
1945.0,5,3,1,4.81,0,1,47.9,9,Rural,200664.0
1764.0,4,1,40,15.57,1,1,8.9,7,Rural,163924.0
1986.0,5,1,10,0.4,1,1,37.9,8,Suburb,307947.0
2139.0,3,2,23,1.29,0,1,41.2,3,Suburb,278998.0
2219.0,4,3,5,4.28,1,0,52.5,4,Suburb,289808.0
2161.0,1,3,25,5.28,1,0,44.9,7,Suburb,304982.0
1858.0,5,1,6,2.45,2,0,25.3,4,Suburb,289848.0
1672.0,5,1,56,3.53,1,0,25.7,2,Rural,140944.0
1702.0,4,2,38,1.42,0,0,17.7,10,Suburb,258359.0
1673.0,1,2,18,5.37,2,0,54.1,6,Downtown,258688.0
2537.0,1,1,5,12.63,0,1,53.2,9,Rural,233336.0
2186.0,4,3,42,8.66,1,0,63.4,2,Suburb,231062.0
400.0,2,2,28,0.91,2,0,40.0,1,Rural,30000.0
2226.0,5,1,42,5.35,2,0,15.3,8,Downtown,413191.0
1927.0,5,1,38,9.57,2,1,43.7,1,Downtown,301539.0
1788.0,3,3,1,6.04,2,0,50.2,1,Rural,173862.0
1547.0,4,1,18,3.98,0,0,26.7,3,Downtown,266229.0
2531.0,3,1,3,7.78,1,0,28.6,5,Rural,231889.0
2416.0,3,2,57,27.7,1,1,59.0,9,Rural,208062.0
1298.0,1,1,5,0.8,2,1,52.0,10,Suburb,193543.0
2065.0,5,1,48,3.95,1,1,72.7,2,Downtown,294378.0
1168.0,3,2,56,4.18,0,0,84.4,1,Suburb,53245.0
903.0,1,3,36,6.88,1,1,19.9,1,Rural,92826.0
1393.0,4,3,27,1.32,0,0,41.6,8,Suburb,211621.0
2361.0,3,2,29,1.55,0,0,52.5,10,Suburb,299373.0
2420.0,5,2,6,2.69,1,0,57.3,10,Suburb,324287.0
2134.0,3,3,8,24.96,0,0,70.3,10,Downtown,363981.0
2271.0,4,3,24,10.6,0,1,64.6,2,Rural,190517.0
2136.0,3,3,32,8.67,0,0,72.8,9,Rural,176524.0
1383.0,5,3,0,13.58,0,0,51.2,9,Rural,155902.0
2081.0,1,3,50,1.09,2,0,37.4,2,Suburb,230221.0
2320.0,5,2,5,15.69,1,0,89.0,3,Suburb,263467.0
2290.0,1,1,17,7.23,2,1,53.1,2,Downtown,294594.0
2573.0,2,3,9,3.27,0,1,45.2,6,Suburb,337380.0
2260.0,5,3,27,13.54,1,1,28.6,7,Suburb,321349.0
2028.0,5,1,10,12.98,0,0,53.2,6,Rural,176408.0
2496.0,4,1,32,14.95,1,0,70.1,3,Rural,219301.0
1783.0,3,1,0,0.98,2,0,40.0,3,Rural,193471.0
1227.0,1,1,12,27.88,1,1,47.3,2,Rural,82173.0
1694.0,1,1,36,25.68,0,1,55.0,2,Rural,81071.0
1316.0,4,1,19,3.54,1,1,59.4,5,Downtown,233445.0
